x,y_obs,weight,y_calc,y_bkg,Q,phase 1,phase 2
16,1163,0.000859845,1144.55,1144.54,0.977629,1.345404135,2.550998286
16.017,1092,0.000915751,1144.56,1144.55,0.978661,2.197040851,2.94563433
16.034,1079,0.000926784,1144.57,1144.56,0.979693,2.57625849,4.165767397
16.051,1107,0.000903342,1144.58,1144.56,0.980725,2.690814033,4.884772606
16.068,1103,0.000906618,1144.59,1144.57,0.981757,3.107073072,5.101975857
16.085,1095,0.000913242,1144.6,1144.58,0.982789,3.385865953,
16.102,1046,0.000956023,1144.61,1144.59,0.983821,3.805384983,
16.119,1102,0.000907441,1144.62,1144.6,0.984853,4.036221049,
16.136,1070,0.000934579,1144.63,1144.61,0.985884,4.036221049,
16.153,1079,0.000926784,1144.64,1144.62,0.986916,4.394081702,
16.17,1085,0.000921659,1144.64,1144.62,0.987948,4.595423952,
16.187,1076,0.000929368,1144.65,1144.63,0.98898,4.660632655,
16.204,1114,0.000897666,1144.66,1144.64,0.990011,4.912730114,
16.221,1129,0.00088574,1144.67,1144.65,0.991043,5.093621048,
16.238,1105,0.000904977,1144.68,1144.66,0.992075,5.152516981,
16.255,1098,0.000910747,1144.69,1144.67,0.993107,,
16.272,1070,0.000934579,1144.7,1144.67,0.994138,,
16.289,1085,0.000921659,1144.7,1144.68,0.99517,,
16.306,1082,0.000924214,1144.71,1144.69,0.996201,,
16.323,1078,0.000927644,1144.72,1144.7,0.997233,,
16.34,1097,0.000911577,1144.73,1144.71,0.998264,,
16.357,1115,0.000896861,1144.74,1144.71,0.999296,,
16.374,1071,0.000933707,1144.75,1144.72,1.00033,,
16.391,1033,0.000968054,1144.75,1144.73,1.00136,,
16.408,1092,0.000915751,1144.76,1144.74,1.00239,,
16.425,1116,0.000896057,1144.77,1144.75,1.00342,,
16.442,1086,0.00092081,1144.78,1144.76,1.00445,,
16.459,1082,0.000924214,1144.79,1144.76,1.00548,,
16.476,1083,0.000923361,1144.8,1144.77,1.00652,,
16.493,1098,0.000910747,1144.8,1144.78,1.00755,,
16.51,1093,0.000914913,1144.81,1144.79,1.00858,,
16.527,1070,0.000934579,1144.82,1144.8,1.00961,,
16.544,1087,0.000919963,1144.83,1144.81,1.01064,,
16.561,1114,0.000897666,1144.84,1144.81,1.01167,,
16.578,1089,0.000918274,1144.85,1144.82,1.0127,,
16.595,1060,0.000943396,1144.85,1144.83,1.01374,,
16.612,1074,0.000931099,1144.86,1144.84,1.01477,,
16.629,1102,0.000907441,1144.87,1144.85,1.0158,,
16.646,1095,0.000913242,1144.88,1144.85,1.01683,,
16.663,1102,0.000907441,1144.89,1144.86,1.01786,,
16.68,1116,0.000896057,1144.89,1144.87,1.01889,,
16.697,1087,0.000919963,1144.9,1144.88,1.01992,,
16.714,1116,0.000896057,1144.91,1144.89,1.02095,,
16.731,1111,0.00090009,1144.92,1144.89,1.02198,,
16.748,1074,0.000931099,1144.93,1144.9,1.02302,,
16.765,1064,0.00093985,1144.94,1144.91,1.02405,,
16.782,1082,0.000924214,1144.94,1144.92,1.02508,,
16.799,1144,0.000874126,1144.95,1144.93,1.02611,,
16.816,1097,0.000911577,1144.96,1144.93,1.02714,,
16.833,1056,0.00094697,1144.97,1144.94,1.02817,,
16.85,1051,0.000951475,1144.98,1144.95,1.0292,,
16.867,1119,0.000893655,1144.98,1144.96,1.03023,,
16.884,1119,0.000893655,1144.99,1144.97,1.03126,,
16.901,1123,0.000890472,1145,1144.97,1.03229,,
16.918,1102,0.000907441,1145.01,1144.98,1.03332,,
16.935,1122,0.000891266,1145.02,1144.99,1.03435,,
16.952,1123,0.000890472,1145.02,1145,1.03539,,
16.969,1123,0.000890472,1145.03,1145,1.03642,,
16.986,1113,0.000898473,1145.04,1145.01,1.03745,,
17.003,1105,0.000904977,1145.05,1145.02,1.03848,,
17.02,1114,0.000897666,1145.06,1145.03,1.03951,,
17.037,1121,0.000892061,1145.06,1145.04,1.04054,,
17.054,1095,0.000913242,1145.07,1145.04,1.04157,,
17.071,1135,0.000881057,1145.08,1145.05,1.0426,,
17.088,1125,0.000888889,1145.09,1145.06,1.04363,,
17.105,1103,0.000906618,1145.1,1145.07,1.04466,,
17.122,1047,0.00095511,1145.1,1145.07,1.04569,,
17.139,1066,0.000938086,1145.11,1145.08,1.04672,,
17.156,1070,0.000934579,1145.12,1145.09,1.04775,,
17.173,1058,0.00094518,1145.13,1145.1,1.04878,,
17.19,1067,0.000937207,1145.14,1145.11,1.04981,,
17.207,1098,0.000910747,1145.14,1145.11,1.05084,,
17.224,1111,0.00090009,1145.15,1145.12,1.05187,,
17.241,1120,0.000892857,1145.16,1145.13,1.0529,,
17.258,1097,0.000911577,1145.17,1145.14,1.05393,,
17.275,1052,0.00095057,1145.18,1145.14,1.05497,,
17.292,1069,0.000935454,1145.18,1145.15,1.056,,
17.309,1106,0.000904159,1145.19,1145.16,1.05703,,
17.326,1170,0.000854701,1145.2,1145.17,1.05806,,
17.343,1115,0.000896861,1145.21,1145.17,1.05909,,
17.36,1099,0.000909918,1145.22,1145.18,1.06012,,
17.377,1139,0.000877963,1145.22,1145.19,1.06115,,
17.394,1092,0.000915751,1145.23,1145.2,1.06218,,
17.411,1088,0.000919118,1145.24,1145.21,1.06321,,
17.428,1090,0.000917431,1145.25,1145.21,1.06424,,
17.445,1079,0.000926784,1145.25,1145.22,1.06527,,
17.462,1052,0.00095057,1145.26,1145.23,1.0663,,
17.479,1052,0.00095057,1145.27,1145.24,1.06733,,
17.496,1131,0.000884173,1145.28,1145.24,1.06836,,
17.513,1154,0.000866551,1145.29,1145.25,1.06939,,
17.53,1117,0.000895255,1145.29,1145.26,1.07042,,
17.547,1098,0.000910747,1145.3,1145.27,1.07145,,
17.564,1081,0.000925069,1145.31,1145.27,1.07248,,
17.581,1043,0.000958773,1145.32,1145.28,1.07351,,
17.598,1067,0.000937207,1145.32,1145.29,1.07454,,
17.615,1087,0.000919963,1145.33,1145.29,1.07557,,
17.632,1061,0.000942507,1145.34,1145.3,1.0766,,
17.649,1074,0.000931099,1145.35,1145.31,1.07763,,
17.666,1093,0.000914913,1145.35,1145.32,1.07866,,
17.683,1097,0.000911577,1145.36,1145.32,1.07969,,
17.7,1148,0.00087108,1145.37,1145.33,1.08072,,
17.717,1099,0.000909918,1145.38,1145.34,1.08174,,
17.734,1080,0.000925926,1145.39,1145.35,1.08277,,
17.751,1129,0.00088574,1145.39,1145.35,1.0838,,
17.768,1106,0.000904159,1145.4,1145.36,1.08483,,
17.785,1076,0.000929368,1145.41,1145.37,1.08586,,
17.802,1112,0.000899281,1145.42,1145.38,1.08689,,
17.819,1105,0.000904977,1145.42,1145.38,1.08792,,
17.836,1103,0.000906618,1145.43,1145.39,1.08895,,
17.853,1062,0.00094162,1145.44,1145.4,1.08998,,
17.87,1081,0.000925069,1145.45,1145.41,1.09101,,
17.887,1109,0.000901713,1145.45,1145.41,1.09204,,
17.904,1151,0.00086881,1145.46,1145.42,1.09307,,
17.921,1060,0.000943396,1145.47,1145.43,1.0941,,
17.938,1058,0.00094518,1145.48,1145.43,1.09513,,
17.955,1114,0.000897666,1145.48,1145.44,1.09616,,
17.972,1035,0.000966184,1145.49,1145.45,1.09719,,
17.989,1041,0.000960615,1145.5,1145.46,1.09822,,
18.006,1127,0.000887311,1145.51,1145.46,1.09925,,
18.023,1137,0.000879507,1145.51,1145.47,1.10028,,
18.04,1058,0.00094518,1145.52,1145.48,1.1013,,
18.057,1130,0.000884956,1145.53,1145.48,1.10233,,
18.074,1092,0.000915751,1145.54,1145.49,1.10336,,
18.091,1105,0.000904977,1145.54,1145.5,1.10439,,
18.108,1101,0.000908265,1145.55,1145.51,1.10542,,
18.125,1080,0.000925926,1145.56,1145.51,1.10645,,
18.142,1050,0.000952381,1145.57,1145.52,1.10748,,
18.159,1062,0.00094162,1145.57,1145.53,1.10851,,
18.176,1089,0.000918274,1145.58,1145.53,1.10954,,
18.193,1077,0.000928505,1145.59,1145.54,1.11057,,
18.21,1091,0.00091659,1145.6,1145.55,1.1116,,
18.227,1113,0.000898473,1145.6,1145.56,1.11262,,
18.244,1142,0.000875657,1145.61,1145.56,1.11365,,
18.261,1107,0.000903342,1145.62,1145.57,1.11468,,
18.278,1113,0.000898473,1145.63,1145.58,1.11571,,
18.295,1093,0.000914913,1145.63,1145.58,1.11674,,
18.312,1117,0.000895255,1145.64,1145.59,1.11777,,
18.329,1096,0.000912409,1145.65,1145.6,1.1188,,
18.346,1090,0.000917431,1145.66,1145.6,1.11983,,
18.363,1126,0.000888099,1145.66,1145.61,1.12086,,
18.38,1077,0.000928505,1145.67,1145.62,1.12188,,
18.397,1069,0.000935454,1145.68,1145.62,1.12291,,
18.414,1133,0.000882613,1145.69,1145.63,1.12394,,
18.431,1141,0.000876424,1145.69,1145.64,1.12497,,
18.448,1077,0.000928505,1145.7,1145.65,1.126,,
18.465,1070,0.000934579,1145.71,1145.65,1.12703,,
18.482,1113,0.000898473,1145.72,1145.66,1.12806,,
18.499,1101,0.000908265,1145.72,1145.67,1.12908,,
18.516,1065,0.000938967,1145.73,1145.67,1.13011,,
18.533,1061,0.000942507,1145.74,1145.68,1.13114,,
18.55,1080,0.000925926,1145.75,1145.69,1.13217,,
18.567,1116,0.000896057,1145.75,1145.69,1.1332,,
18.584,1111,0.00090009,1145.76,1145.7,1.13423,,
18.601,1076,0.000929368,1145.77,1145.71,1.13526,,
18.618,1076,0.000929368,1145.77,1145.71,1.13628,,
18.635,1098,0.000910747,1145.78,1145.72,1.13731,,
18.652,1093,0.000914913,1145.79,1145.73,1.13834,,
18.669,1112,0.000899281,1145.8,1145.73,1.13937,,
18.686,1137,0.000879507,1145.8,1145.74,1.1404,,
18.703,1125,0.000888889,1145.81,1145.75,1.14143,,
18.72,1063,0.000940734,1145.82,1145.75,1.14245,,
18.737,1077,0.000928505,1145.83,1145.76,1.14348,,
18.754,1087,0.000919963,1145.83,1145.77,1.14451,,
18.771,1116,0.000896057,1145.84,1145.77,1.14554,,
18.788,1097,0.000911577,1145.85,1145.78,1.14657,,
18.805,1135,0.000881057,1145.86,1145.79,1.14759,,
18.822,1110,0.000900901,1145.86,1145.79,1.14862,,
18.839,1119,0.000893655,1145.87,1145.8,1.14965,,
18.856,1123,0.000890472,1145.88,1145.81,1.15068,,
18.873,1118,0.000894454,1145.89,1145.81,1.15171,,
18.89,1138,0.000878735,1145.89,1145.82,1.15274,,
18.907,1086,0.00092081,1145.9,1145.83,1.15376,,
18.924,1071,0.000933707,1145.91,1145.83,1.15479,,
18.941,1158,0.000863558,1145.91,1145.84,1.15582,,
18.958,1168,0.000856164,1145.92,1145.85,1.15685,,
18.975,1136,0.000880282,1145.93,1145.85,1.15787,,
18.992,1124,0.00088968,1145.94,1145.86,1.1589,,
19.009,1169,0.000855432,1145.94,1145.87,1.15993,,
19.026,1078,0.000927644,1145.95,1145.87,1.16096,,
19.043,1102,0.000907441,1145.96,1145.88,1.16199,,
19.06,1161,0.000861326,1145.97,1145.89,1.16301,,
19.077,1121,0.000892061,1145.97,1145.89,1.16404,,
19.094,1136,0.000880282,1145.98,1145.9,1.16507,,
19.111,1136,0.000880282,1145.99,1145.91,1.1661,,
19.128,1020,0.000980392,1146,1145.91,1.16712,,
19.145,1059,0.000944287,1146,1145.92,1.16815,,
19.162,1113,0.000898473,1146.01,1145.92,1.16918,,
19.179,1175,0.000851064,1146.02,1145.93,1.17021,,
19.196,1122,0.000891266,1146.03,1145.94,1.17123,,
19.213,1102,0.000907441,1146.03,1145.94,1.17226,,
19.23,1106,0.000904159,1146.04,1145.95,1.17329,,
19.247,1123,0.000890472,1146.05,1145.96,1.17432,,
19.264,1069,0.000935454,1146.06,1145.96,1.17534,,
19.281,1119,0.000893655,1146.06,1145.97,1.17637,,
19.298,1109,0.000901713,1146.07,1145.98,1.1774,,
19.315,1078,0.000927644,1146.08,1145.98,1.17843,,
19.332,1120,0.000892857,1146.09,1145.99,1.17945,,
19.349,1119,0.000893655,1146.09,1145.99,1.18048,,
19.366,1106,0.000904159,1146.1,1146,1.18151,,
19.383,1131,0.000884173,1146.11,1146.01,1.18254,,
19.4,1110,0.000900901,1146.12,1146.01,1.18356,,
19.417,1108,0.000902527,1146.12,1146.02,1.18459,,
19.434,1149,0.000870322,1146.13,1146.03,1.18562,,
19.451,1134,0.000881834,1146.14,1146.03,1.18664,,
19.468,1090,0.000917431,1146.15,1146.04,1.18767,,
19.485,1107,0.000903342,1146.15,1146.04,1.1887,,
19.502,1160,0.000862069,1146.16,1146.05,1.18973,,
19.519,1143,0.000874891,1146.17,1146.06,1.19075,,
19.536,1153,0.000867303,1146.18,1146.06,1.19178,,
19.553,1125,0.000888889,1146.18,1146.07,1.19281,,
19.57,1090,0.000917431,1146.19,1146.08,1.19383,,
19.587,1058,0.00094518,1146.2,1146.08,1.19486,,
19.604,1109,0.000901713,1146.21,1146.09,1.19589,,
19.621,1075,0.000930233,1146.21,1146.09,1.19691,,
19.638,1082,0.000924214,1146.22,1146.1,1.19794,,
19.655,1093,0.000914913,1146.23,1146.11,1.19897,,
19.672,1140,0.000877193,1146.24,1146.11,1.2,,
20.216,1189,0.000841043,1146.51,1146.3,1.23284,,
20.233,1138,0.000878735,1146.52,1146.31,1.23387,,
20.25,1119,0.000893655,1146.53,1146.31,1.23489,,
20.267,1123,0.000890472,1146.54,1146.32,1.23592,,
20.284,1106,0.000904159,1146.55,1146.32,1.23694,,
20.301,1111,0.00090009,1146.56,1146.33,1.23797,,
20.318,1123,0.000890472,1146.57,1146.34,1.23899,,
20.335,1127,0.000887311,1146.58,1146.34,1.24002,,
20.352,1115,0.000896861,1146.59,1146.35,1.24105,,
20.369,1166,0.000857633,1146.6,1146.35,1.24207,,
20.386,1159,0.000862813,1146.61,1146.36,1.2431,,
20.403,1148,0.00087108,1146.62,1146.36,1.24412,,
20.42,1174,0.000851789,1146.63,1146.37,1.24515,,
20.437,1197,0.000835422,1146.64,1146.38,1.24617,,
20.454,1201,0.000832639,1146.65,1146.38,1.2472,,
20.471,1169,0.000855432,1146.67,1146.39,1.24823,,
20.488,1133,0.000882613,1146.68,1146.39,1.24925,,
20.505,1168,0.000856164,1146.69,1146.4,1.25028,,
20.522,1160,0.000862069,1146.7,1146.4,1.2513,,
20.539,1120,0.000892857,1146.71,1146.41,1.25233,,
20.556,1096,0.000912409,1146.72,1146.41,1.25335,,
20.573,1135,0.000881057,1146.74,1146.42,1.25438,,
20.59,1154,0.000866551,1146.75,1146.42,1.2554,,
20.607,1169,0.000855432,1146.76,1146.43,1.25643,,
20.624,1120,0.000892857,1146.78,1146.44,1.25745,,
20.641,1120,0.000892857,1146.79,1146.44,1.25848,,
20.658,1123,0.000890472,1146.8,1146.45,1.2595,,
20.675,1109,0.000901713,1146.82,1146.45,1.26053,,
20.692,1184,0.000844595,1146.83,1146.46,1.26155,,
20.709,1127,0.000887311,1146.85,1146.46,1.26258,,
20.726,1103,0.000906618,1146.86,1146.47,1.26361,,
20.743,1182,0.000846024,1146.88,1146.47,1.26463,,
20.76,1143,0.000874891,1146.89,1146.48,1.26566,,
20.777,1133,0.000882613,1146.91,1146.48,1.26668,,
20.794,1160,0.000862069,1146.92,1146.49,1.26771,,
20.811,1187,0.00084246,1146.94,1146.5,1.26873,,
20.828,1127,0.000887311,1146.96,1146.5,1.26976,,
20.845,1142,0.000875657,1146.98,1146.51,1.27078,,
20.862,1136,0.000880282,1146.99,1146.51,1.27181,,
20.879,1086,0.00092081,1147.01,1146.52,1.27283,,
20.896,1119,0.000893655,1147.03,1146.52,1.27385,,
20.913,1130,0.000884956,1147.05,1146.53,1.27488,,
20.93,1168,0.000856164,1147.07,1146.53,1.2759,,
20.947,1065,0.000938967,1147.09,1146.54,1.27693,,
20.964,1195,0.00083682,1147.12,1146.54,1.27795,,
20.981,1154,0.000866551,1147.14,1146.55,1.27898,,
20.998,1092,0.000915751,1147.16,1146.55,1.28,,
21.015,1153,0.000867303,1147.19,1146.56,1.28103,,
21.032,1142,0.000875657,1147.21,1146.56,1.28205,,
21.049,1168,0.000856164,1147.24,1146.57,1.28308,,
21.066,1070,0.000934579,1147.27,1146.57,1.2841,,
21.083,1141,0.000876424,1147.29,1146.58,1.28513,,
21.1,1193,0.000838223,1147.32,1146.58,1.28615,,
21.117,1194,0.000837521,1147.35,1146.59,1.28718,,
21.134,1141,0.000876424,1147.39,1146.59,1.2882,,
21.151,1131,0.000884173,1147.42,1146.6,1.28922,,
21.168,1138,0.000878735,1147.46,1146.61,1.29025,,
21.185,1173,0.000852515,1147.49,1146.61,1.29127,,
21.202,1142,0.000875657,1147.53,1146.62,1.2923,,
21.219,1139,0.000877963,1147.57,1146.62,1.29332,,
21.236,1174,0.000851789,1147.62,1146.63,1.29435,,
21.253,1149,0.000870322,1147.66,1146.63,1.29537,,
21.27,1134,0.000881834,1147.71,1146.64,1.29639,,
21.287,1173,0.000852515,1147.76,1146.64,1.29742,,
21.304,1191,0.000839631,1147.81,1146.65,1.29844,,
21.321,1136,0.000880282,1147.87,1146.65,1.29947,,
21.338,1100,0.000909091,1147.93,1146.66,1.30049,,
21.355,1108,0.000902527,1147.99,1146.66,1.30152,,
21.372,1125,0.000888889,1148.06,1146.67,1.30254,,
21.389,1130,0.000884956,1148.13,1146.67,1.30356,,
21.406,1180,0.000847458,1148.21,1146.68,1.30459,,
21.423,1182,0.000846024,1148.29,1146.68,1.30561,,
21.44,1119,0.000893655,1148.38,1146.69,1.30664,,
21.457,1144,0.000874126,1148.47,1146.69,1.30766,,
21.474,1163,0.000859845,1148.58,1146.7,1.30868,,
21.491,1168,0.000856164,1148.69,1146.7,1.30971,,
21.508,1152,0.000868056,1148.81,1146.71,1.31073,,
21.525,1129,0.00088574,1148.94,1146.71,1.31175,,
21.542,1129,0.00088574,1149.08,1146.71,1.31278,,
21.559,1139,0.000877963,1149.24,1146.72,1.3138,,
21.576,1148,0.00087108,1149.41,1146.72,1.31483,,
21.593,1177,0.000849618,1149.59,1146.73,1.31585,,
21.61,1145,0.000873362,1149.8,1146.73,1.31687,,
21.627,1150,0.000869565,1150.02,1146.74,1.3179,,
21.644,1211,0.000825764,1150.28,1146.74,1.31892,,
21.661,1156,0.000865052,1150.56,1146.75,1.31994,,
21.678,1159,0.000862813,1150.87,1146.75,1.32097,,
21.695,1178,0.000848896,1151.23,1146.76,1.32199,,
21.712,1151,0.00086881,1151.63,1146.76,1.32301,,
21.729,1219,0.000820345,1152.08,1146.77,1.32404,,
21.746,1165,0.000858369,1152.6,1146.77,1.32506,,
21.763,1239,0.000807103,1153.2,1146.78,1.32608,,
21.78,1211,0.000825764,1153.9,1146.78,1.32711,,
21.797,1179,0.000848176,1154.71,1146.79,1.32813,,
21.814,1190,0.000840336,1155.66,1146.79,1.32915,,
21.831,1192,0.000838926,1156.79,1146.8,1.33018,,
21.848,1268,0.000788644,1158.16,1146.8,1.3312,,
21.865,1187,0.00084246,1159.82,1146.81,1.33222,,
21.882,1178,0.000848896,1161.9,1146.81,1.33325,,
21.899,1287,0.000777001,1164.66,1146.81,1.33427,,
21.916,1276,0.000783699,1168.74,1146.82,1.33529,,
21.933,1349,0.00074129,1175.72,1146.82,1.33632,,
21.95,1336,0.000748503,1189.31,1146.83,1.33734,,
21.967,1429,0.00069979,1216.86,1146.83,1.33836,,
21.984,1499,0.000667111,1270.44,1146.84,1.33939,,
22.001,1683,0.000594177,1365.21,1146.84,1.34041,,
22.018,1849,0.000540833,1513.47,1146.85,1.34143,,
22.035,2120,0.000471698,1714.69,1146.85,1.34245,,
22.052,2353,0.000424989,1946.15,1146.86,1.34348,,
22.069,2488,0.000401929,2159.93,1146.86,1.3445,,
22.086,2633,0.000379795,2294.55,1146.86,1.34552,,
22.103,2553,0.000391696,2311.43,1146.87,1.34655,,
22.12,2380,0.000420168,2218.14,1146.87,1.34757,,
22.137,2112,0.000473485,2045.85,1146.88,1.34859,,
22.154,1902,0.000525762,1834.77,1146.88,1.34961,,
22.171,1737,0.000575705,1628.89,1146.89,1.35064,,
22.188,1561,0.000640615,1459.07,1146.89,1.35166,,
22.205,1392,0.000718391,1336.41,1146.9,1.35268,,
22.222,1336,0.000748503,1257.47,1146.9,1.3537,,
22.239,1296,0.000771605,1211.63,1146.91,1.35473,,
22.256,1243,0.000804505,1187.09,1146.91,1.35575,,
22.273,1227,0.000814996,1174.5,1146.91,1.35677,,
22.29,1236,0.000809061,1167.85,1146.92,1.35779,,
22.307,1219,0.000820345,1163.95,1146.92,1.35882,,
22.324,1223,0.000817661,1161.34,1146.93,1.35984,,
22.341,1219,0.000820345,1159.38,1146.93,1.36086,,
22.358,1185,0.000843882,1157.82,1146.94,1.36188,,
22.375,1181,0.00084674,1156.54,1146.94,1.36291,,
22.392,1194,0.000837521,1155.48,1146.94,1.36393,,
22.409,1214,0.000823723,1154.58,1146.95,1.36495,,
22.426,1226,0.000815661,1153.82,1146.95,1.36597,,
22.443,1195,0.00083682,1153.17,1146.96,1.367,,
22.46,1166,0.000857633,1152.61,1146.96,1.36802,,
22.477,1191,0.000839631,1152.12,1146.97,1.36904,,
22.494,1150,0.000869565,1151.69,1146.97,1.37006,,
22.511,1111,0.00090009,1151.32,1146.97,1.37108,,
22.528,1117,0.000895255,1150.99,1146.98,1.37211,,
22.545,1158,0.000863558,1150.69,1146.98,1.37313,,
22.562,1201,0.000832639,1150.43,1146.99,1.37415,,
22.579,1199,0.000834028,1150.2,1146.99,1.37517,,
22.596,1250,0.0008,1149.99,1147,1.37619,,
22.613,1211,0.000825764,1149.8,1147,1.37722,,
22.63,1195,0.00083682,1149.63,1147,1.37824,,
22.647,1200,0.000833333,1149.47,1147.01,1.37926,,
22.664,1227,0.000814996,1149.33,1147.01,1.38028,,
22.681,1191,0.000839631,1149.2,1147.02,1.3813,,
22.698,1159,0.000862813,1149.08,1147.02,1.38233,,
22.715,1143,0.000874891,1148.97,1147.02,1.38335,,
22.732,1095,0.000913242,1148.87,1147.03,1.38437,,
22.749,1175,0.000851064,1148.78,1147.03,1.38539,,
22.766,1138,0.000878735,1148.7,1147.04,1.38641,,
22.783,1160,0.000862069,1148.62,1147.04,1.38743,,
22.8,1152,0.000868056,1148.55,1147.04,1.38846,,
22.817,1218,0.000821018,1148.48,1147.05,1.38948,,
22.834,1147,0.00087184,1148.42,1147.05,1.3905,,
22.851,1152,0.000868056,1148.37,1147.06,1.39152,,
22.868,1109,0.000901713,1148.31,1147.06,1.39254,,
22.885,1160,0.000862069,1148.26,1147.06,1.39356,,
22.902,1175,0.000851064,1148.22,1147.07,1.39458,,
22.919,1147,0.00087184,1148.17,1147.07,1.39561,,
22.936,1185,0.000843882,1148.13,1147.08,1.39663,,
22.953,1173,0.000852515,1148.1,1147.08,1.39765,,
22.97,1207,0.0008285,1148.06,1147.08,1.39867,,
22.987,1187,0.00084246,1148.03,1147.09,1.39969,,
23.004,1123,0.000890472,1148,1147.09,1.40071,,
23.021,1158,0.000863558,1147.97,1147.1,1.40173,,
23.038,1194,0.000837521,1147.94,1147.1,1.40275,,
23.055,1173,0.000852515,1147.91,1147.1,1.40378,,
23.072,1195,0.00083682,1147.89,1147.11,1.4048,,
23.089,1182,0.000846024,1147.87,1147.11,1.40582,,
23.106,1144,0.000874126,1147.85,1147.12,1.40684,,
23.123,1194,0.000837521,1147.83,1147.12,1.40786,,
23.14,1136,0.000880282,1147.81,1147.12,1.40888,,
23.157,1106,0.000904159,1147.79,1147.13,1.4099,,
23.174,1216,0.000822368,1147.77,1147.13,1.41092,,
23.191,1181,0.00084674,1147.76,1147.13,1.41194,,
23.208,1160,0.000862069,1147.74,1147.14,1.41296,,
23.225,1177,0.000849618,1147.73,1147.14,1.41398,,
23.242,1205,0.000829876,1147.71,1147.15,1.41501,,
23.259,1186,0.00084317,1147.7,1147.15,1.41603,,
23.276,1238,0.000807754,1147.69,1147.15,1.41705,,
23.293,1195,0.00083682,1147.68,1147.16,1.41807,,
23.31,1174,0.000851789,1147.67,1147.16,1.41909,,
23.327,1188,0.000841751,1147.66,1147.16,1.42011,,
23.344,1210,0.000826446,1147.65,1147.17,1.42113,,
23.361,1191,0.000839631,1147.64,1147.17,1.42215,,
23.378,1175,0.000851064,1147.63,1147.18,1.42317,,
23.395,1163,0.000859845,1147.62,1147.18,1.42419,,
23.412,1153,0.000867303,1147.61,1147.18,1.42521,,
23.429,1225,0.000816327,1147.61,1147.19,1.42623,,
23.446,1175,0.000851064,1147.6,1147.19,1.42725,,
23.463,1155,0.000865801,1147.59,1147.19,1.42827,,
23.48,1159,0.000862813,1147.59,1147.2,1.42929,,
23.497,1165,0.000858369,1147.58,1147.2,1.43031,,
23.514,1154,0.000866551,1147.57,1147.2,1.43133,,
23.531,1142,0.000875657,1147.57,1147.21,1.43235,,
23.548,1140,0.000877193,1147.56,1147.21,1.43337,,
23.565,1156,0.000865052,1147.56,1147.22,1.43439,,
23.582,1163,0.000859845,1147.56,1147.22,1.43541,,
23.599,1121,0.000892061,1147.55,1147.22,1.43643,,
23.616,1148,0.00087108,1147.55,1147.23,1.43745,,
23.633,1146,0.0008726,1147.54,1147.23,1.43847,,
23.65,1122,0.000891266,1147.54,1147.23,1.43949,,
23.667,1159,0.000862813,1147.54,1147.24,1.44051,,
23.684,1162,0.000860585,1147.53,1147.24,1.44153,,
23.701,1163,0.000859845,1147.53,1147.24,1.44255,,
23.718,1160,0.000862069,1147.53,1147.25,1.44357,,
23.735,1156,0.000865052,1147.53,1147.25,1.44459,,
23.752,1171,0.000853971,1147.52,1147.25,1.44561,,
23.769,1134,0.000881834,1147.52,1147.26,1.44663,,
23.786,1203,0.000831255,1147.52,1147.26,1.44765,,
23.803,1140,0.000877193,1147.52,1147.26,1.44867,,
23.82,1116,0.000896057,1147.52,1147.27,1.44969,,
23.837,1124,0.00088968,1147.52,1147.27,1.45071,,
23.854,1174,0.000851789,1147.51,1147.27,1.45173,,
23.871,1152,0.000868056,1147.51,1147.28,1.45275,,
23.888,1169,0.000855432,1147.51,1147.28,1.45377,,
23.905,1191,0.000839631,1147.51,1147.28,1.45479,,
23.922,1123,0.000890472,1147.51,1147.29,1.45581,,
23.939,1152,0.000868056,1147.51,1147.29,1.45683,,
23.956,1166,0.000857633,1147.51,1147.29,1.45785,,
23.973,1163,0.000859845,1147.51,1147.3,1.45887,,
23.99,1192,0.000838926,1147.51,1147.3,1.45989,,
24.007,1227,0.000814996,1147.51,1147.3,1.46091,,
24.024,1168,0.000856164,1147.51,1147.31,1.46193,,
24.041,1144,0.000874126,1147.51,1147.31,1.46295,,
24.058,1163,0.000859845,1147.51,1147.31,1.46397,,
24.075,1182,0.000846024,1147.51,1147.32,1.46498,,
24.092,1136,0.000880282,1147.51,1147.32,1.466,,
24.109,1203,0.000831255,1147.51,1147.32,1.46702,,
24.126,1160,0.000862069,1147.51,1147.33,1.46804,,
24.143,1125,0.000888889,1147.51,1147.33,1.46906,,
24.16,1189,0.000841043,1147.51,1147.33,1.47008,,
24.177,1185,0.000843882,1147.51,1147.34,1.4711,,
24.194,1135,0.000881057,1147.51,1147.34,1.47212,,
24.211,1134,0.000881834,1147.51,1147.34,1.47314,,
24.228,1124,0.00088968,1147.51,1147.35,1.47416,,
24.245,1165,0.000858369,1147.51,1147.35,1.47517,,
24.262,1179,0.000848176,1147.51,1147.35,1.47619,,
24.279,1214,0.000823723,1147.51,1147.35,1.47721,,
24.296,1227,0.000814996,1147.51,1147.36,1.47823,,
24.313,1197,0.000835422,1147.51,1147.36,1.47925,,
24.33,1149,0.000870322,1147.51,1147.36,1.48027,,
24.347,1122,0.000891266,1147.51,1147.37,1.48129,,
24.364,1151,0.00086881,1147.51,1147.37,1.48231,,
24.381,1147,0.00087184,1147.52,1147.37,1.48332,,
24.398,1139,0.000877963,1147.52,1147.38,1.48434,,
24.415,1135,0.000881057,1147.52,1147.38,1.48536,,
24.432,1159,0.000862813,1147.52,1147.38,1.48638,,
24.449,1157,0.000864304,1147.52,1147.38,1.4874,,
24.466,1154,0.000866551,1147.52,1147.39,1.48842,,
24.483,1185,0.000843882,1147.52,1147.39,1.48944,,
24.5,1190,0.000840336,1147.52,1147.39,1.49045,,
24.517,1173,0.000852515,1147.52,1147.4,1.49147,,
24.534,1181,0.00084674,1147.52,1147.4,1.49249,,
24.551,1214,0.000823723,1147.53,1147.4,1.49351,,
24.568,1163,0.000859845,1147.53,1147.41,1.49453,,
24.585,1156,0.000865052,1147.53,1147.41,1.49555,,
24.602,1162,0.000860585,1147.53,1147.41,1.49656,,
24.619,1148,0.00087108,1147.53,1147.41,1.49758,,
24.636,1140,0.000877193,1147.53,1147.42,1.4986,,
24.653,1172,0.000853242,1147.53,1147.42,1.49962,,
24.67,1171,0.000853971,1147.53,1147.42,1.50064,,
24.687,1160,0.000862069,1147.54,1147.43,1.50165,,
24.704,1173,0.000852515,1147.54,1147.43,1.50267,,
24.721,1201,0.000832639,1147.54,1147.43,1.50369,,
24.738,1171,0.000853971,1147.54,1147.43,1.50471,,
24.755,1186,0.00084317,1147.54,1147.44,1.50573,,
24.772,1184,0.000844595,1147.54,1147.44,1.50674,,
24.789,1111,0.00090009,1147.54,1147.44,1.50776,,
24.806,1162,0.000860585,1147.55,1147.44,1.50878,,
24.823,1235,0.000809717,1147.55,1147.45,1.5098,,
24.84,1159,0.000862813,1147.55,1147.45,1.51082,,
24.857,1181,0.00084674,1147.55,1147.45,1.51183,,
24.874,1141,0.000876424,1147.55,1147.46,1.51285,,
24.891,1142,0.000875657,1147.55,1147.46,1.51387,,
24.908,1143,0.000874891,1147.56,1147.46,1.51489,,
24.925,1173,0.000852515,1147.56,1147.46,1.5159,,
24.942,1140,0.000877193,1147.56,1147.47,1.51692,,
24.959,1152,0.000868056,1147.56,1147.47,1.51794,,
24.976,1162,0.000860585,1147.56,1147.47,1.51896,,
24.993,1140,0.000877193,1147.56,1147.47,1.51997,,
25.01,1194,0.000837521,1147.56,1147.48,1.52099,,
25.027,1168,0.000856164,1147.57,1147.48,1.52201,,
25.044,1143,0.000874891,1147.57,1147.48,1.52303,,
25.061,1171,0.000853971,1147.57,1147.48,1.52404,,
25.078,1179,0.000848176,1147.57,1147.49,1.52506,,
25.095,1133,0.000882613,1147.57,1147.49,1.52608,,
25.112,1151,0.00086881,1147.57,1147.49,1.52709,,
25.129,1204,0.000830565,1147.58,1147.49,1.52811,,
25.146,1173,0.000852515,1147.58,1147.5,1.52913,,
25.163,1169,0.000855432,1147.58,1147.5,1.53015,,
25.18,1159,0.000862813,1147.58,1147.5,1.53116,,
25.197,1158,0.000863558,1147.58,1147.5,1.53218,,
25.214,1197,0.000835422,1147.58,1147.51,1.5332,,
25.231,1200,0.000833333,1147.59,1147.51,1.53421,,
25.248,1180,0.000847458,1147.59,1147.51,1.53523,,
25.265,1179,0.000848176,1147.59,1147.51,1.53625,,
25.282,1157,0.000864304,1147.59,1147.52,1.53726,,
25.299,1146,0.0008726,1147.59,1147.52,1.53828,,
25.316,1166,0.000857633,1147.59,1147.52,1.5393,,
25.333,1189,0.000841043,1147.6,1147.52,1.54032,,
25.35,1231,0.000812348,1147.6,1147.53,1.54133,,
25.367,1201,0.000832639,1147.6,1147.53,1.54235,,
25.384,1143,0.000874891,1147.6,1147.53,1.54337,,
25.401,1134,0.000881834,1147.6,1147.53,1.54438,,
25.418,1147,0.00087184,1147.6,1147.54,1.5454,,
25.435,1129,0.00088574,1147.61,1147.54,1.54642,,
25.452,1107,0.000903342,1147.61,1147.54,1.54743,,
25.469,1133,0.000882613,1147.61,1147.54,1.54845,,
25.486,1172,0.000853242,1147.61,1147.55,1.54946,,
25.503,1178,0.000848896,1147.61,1147.55,1.55048,,
25.52,1177,0.000849618,1147.61,1147.55,1.5515,,
25.537,1179,0.000848176,1147.62,1147.55,1.55251,,
25.554,1120,0.000892857,1147.62,1147.55,1.55353,,
25.571,1156,0.000865052,1147.62,1147.56,1.55455,,
25.588,1144,0.000874126,1147.62,1147.56,1.55556,,
25.605,1190,0.000840336,1147.62,1147.56,1.55658,,
25.622,1196,0.00083612,1147.62,1147.56,1.5576,,
25.639,1187,0.00084246,1147.62,1147.57,1.55861,,
25.656,1096,0.000912409,1147.63,1147.57,1.55963,,
25.673,1157,0.000864304,1147.63,1147.57,1.56064,,
25.69,1131,0.000884173,1147.63,1147.57,1.56166,,
25.707,1124,0.00088968,1147.63,1147.57,1.56268,,
25.724,1165,0.000858369,1147.63,1147.58,1.56369,,
25.741,1222,0.000818331,1147.63,1147.58,1.56471,,
25.758,1158,0.000863558,1147.64,1147.58,1.56572,,
25.775,1206,0.000829187,1147.64,1147.58,1.56674,,
25.792,1198,0.000834725,1147.64,1147.59,1.56776,,
25.809,1123,0.000890472,1147.64,1147.59,1.56877,,
25.826,1177,0.000849618,1147.64,1147.59,1.56979,,
25.843,1161,0.000861326,1147.64,1147.59,1.5708,,
25.86,1165,0.000858369,1147.65,1147.59,1.57182,,
25.877,1185,0.000843882,1147.65,1147.6,1.57283,,
25.894,1125,0.000888889,1147.65,1147.6,1.57385,,
25.911,1152,0.000868056,1147.65,1147.6,1.57487,,
25.928,1150,0.000869565,1147.65,1147.6,1.57588,,
25.945,1190,0.000840336,1147.65,1147.6,1.5769,,
25.962,1151,0.00086881,1147.66,1147.61,1.57791,,
25.979,1212,0.000825083,1147.66,1147.61,1.57893,,
25.996,1209,0.00082713,1147.66,1147.61,1.57994,,
26.013,1143,0.000874891,1147.66,1147.61,1.58096,,
26.03,1095,0.000913242,1147.66,1147.61,1.58197,,
26.047,1122,0.000891266,1147.66,1147.62,1.58299,,
26.064,1158,0.000863558,1147.66,1147.62,1.584,,
26.081,1152,0.000868056,1147.67,1147.62,1.58502,,
26.098,1110,0.000900901,1147.67,1147.62,1.58603,,
26.115,1159,0.000862813,1147.67,1147.62,1.58705,,
26.132,1136,0.000880282,1147.67,1147.62,1.58806,,
26.149,1147,0.00087184,1147.67,1147.63,1.58908,,
26.166,1133,0.000882613,1147.67,1147.63,1.59009,,
26.183,1140,0.000877193,1147.67,1147.63,1.59111,,
26.2,1158,0.000863558,1147.68,1147.63,1.59213,,
26.217,1163,0.000859845,1147.68,1147.63,1.59314,,
26.234,1172,0.000853242,1147.68,1147.64,1.59415,,
26.251,1165,0.000858369,1147.68,1147.64,1.59517,,
26.268,1130,0.000884956,1147.68,1147.64,1.59618,,
26.285,1147,0.00087184,1147.68,1147.64,1.5972,,
26.302,1165,0.000858369,1147.68,1147.64,1.59821,,
26.319,1176,0.00085034,1147.69,1147.64,1.59923,,
26.336,1164,0.000859107,1147.69,1147.65,1.60024,,
26.353,1162,0.000860585,1147.69,1147.65,1.60126,,
26.37,1160,0.000862069,1147.69,1147.65,1.60227,,
26.387,1155,0.000865801,1147.69,1147.65,1.60329,,
26.404,1173,0.000852515,1147.69,1147.65,1.6043,,
26.421,1183,0.000845309,1147.69,1147.66,1.60532,,
26.438,1141,0.000876424,1147.7,1147.66,1.60633,,
26.455,1124,0.00088968,1147.7,1147.66,1.60735,,
26.472,1148,0.00087108,1147.7,1147.66,1.60836,,
26.489,1179,0.000848176,1147.7,1147.66,1.60937,,
26.506,1144,0.000874126,1147.7,1147.66,1.61039,,
26.523,1151,0.00086881,1147.7,1147.66,1.6114,,
26.54,1146,0.0008726,1147.7,1147.67,1.61242,,
26.557,1166,0.000857633,1147.71,1147.67,1.61343,,
26.574,1173,0.000852515,1147.71,1147.67,1.61445,,
26.591,1116,0.000896057,1147.71,1147.67,1.61546,,
26.608,1098,0.000910747,1147.71,1147.67,1.61647,,
26.625,1118,0.000894454,1147.71,1147.67,1.61749,,
26.642,1134,0.000881834,1147.71,1147.68,1.6185,,
26.659,1154,0.000866551,1147.71,1147.68,1.61952,,
26.676,1155,0.000865801,1147.71,1147.68,1.62053,,
26.693,1213,0.000824402,1147.72,1147.68,1.62155,,
26.71,1190,0.000840336,1147.72,1147.68,1.62256,,
26.727,1164,0.000859107,1147.72,1147.68,1.62357,,
26.744,1178,0.000848896,1147.72,1147.69,1.62459,,
26.761,1140,0.000877193,1147.72,1147.69,1.6256,,
26.778,1119,0.000893655,1147.72,1147.69,1.62661,,
26.795,1132,0.000883392,1147.72,1147.69,1.62763,,
26.812,1102,0.000907441,1147.72,1147.69,1.62864,,
26.829,1154,0.000866551,1147.73,1147.69,1.62966,,
26.846,1106,0.000904159,1147.73,1147.69,1.63067,,
26.863,1224,0.000816993,1147.73,1147.7,1.63168,,
26.88,1097,0.000911577,1147.73,1147.7,1.6327,,
26.897,1230,0.000813008,1147.73,1147.7,1.63371,,
26.914,1244,0.000803859,1147.73,1147.7,1.63472,,
26.931,1168,0.000856164,1147.73,1147.7,1.63574,,
26.948,1153,0.000867303,1147.73,1147.7,1.63675,,
26.965,1153,0.000867303,1147.73,1147.7,1.63776,,
26.982,1149,0.000870322,1147.74,1147.7,1.63878,,
26.999,1174,0.000851789,1147.74,1147.71,1.63979,,
27.016,1167,0.000856898,1147.74,1147.71,1.6408,,
27.033,1106,0.000904159,1147.74,1147.71,1.64182,,
27.05,1127,0.000887311,1147.74,1147.71,1.64283,,
27.067,1181,0.00084674,1147.74,1147.71,1.64384,,
27.084,1183,0.000845309,1147.74,1147.71,1.64486,,
27.101,1130,0.000884956,1147.74,1147.71,1.64587,,
27.118,1127,0.000887311,1147.74,1147.71,1.64688,,
27.135,1144,0.000874126,1147.75,1147.72,1.6479,,
27.152,1158,0.000863558,1147.75,1147.72,1.64891,,
27.169,1129,0.00088574,1147.77,1147.72,1.64992,,
27.186,1150,0.000869565,1147.77,1147.72,1.65094,,
27.203,1146,0.0008726,1147.77,1147.72,1.65195,,
27.22,1130,0.000884956,1147.78,1147.72,1.65296,,
27.237,1125,0.000888889,1147.78,1147.72,1.65397,,
27.254,1134,0.000881834,1147.79,1147.72,1.65499,,
27.271,1148,0.00087108,1147.79,1147.73,1.656,,
27.288,1185,0.000843882,1147.79,1147.73,1.65701,,
27.305,1182,0.000846024,1147.79,1147.73,1.65802,,
27.322,1147,0.00087184,1147.79,1147.73,1.65904,,
27.339,1159,0.000862813,1147.8,1147.73,1.66005,,
27.356,1131,0.000884173,1147.8,1147.73,1.66106,,
27.373,1148,0.00087108,1147.8,1147.73,1.66207,,
27.39,1126,0.000888099,1147.8,1147.73,1.66309,,
27.407,1120,0.000892857,1147.8,1147.73,1.6641,,
27.424,1173,0.000852515,1147.8,1147.74,1.66511,,
27.441,1191,0.000839631,1147.8,1147.74,1.66612,,
27.458,1175,0.000851064,1147.8,1147.74,1.66714,,
27.475,1178,0.000848896,1147.8,1147.74,1.66815,,
27.492,1161,0.000861326,1147.81,1147.74,1.66916,,
27.509,1186,0.00084317,1147.81,1147.74,1.67017,,
27.526,1195,0.00083682,1147.81,1147.74,1.67119,,
27.543,1176,0.00085034,1147.81,1147.74,1.6722,,
27.56,1167,0.000856898,1147.81,1147.74,1.67321,,
27.577,1133,0.000882613,1147.81,1147.74,1.67422,,
27.594,1142,0.000875657,1147.81,1147.74,1.67523,,
27.611,1206,0.000829187,1147.81,1147.75,1.67625,,
27.628,1101,0.000908265,1147.81,1147.75,1.67726,,
27.645,1148,0.00087108,1147.81,1147.75,1.67827,,
27.662,1126,0.000888099,1147.81,1147.75,1.67928,,
27.679,1094,0.000914077,1147.82,1147.75,1.68029,,
27.696,1141,0.000876424,1147.82,1147.75,1.68131,,
27.713,1185,0.000843882,1147.82,1147.75,1.68232,,
27.73,1094,0.000914077,1147.82,1147.75,1.68333,,
27.747,1113,0.000898473,1147.82,1147.75,1.68434,,
27.764,1141,0.000876424,1147.82,1147.75,1.68535,,
27.781,1173,0.000852515,1147.82,1147.75,1.68636,,
27.798,1146,0.0008726,1147.82,1147.76,1.68738,,
27.815,1190,0.000840336,1147.82,1147.76,1.68839,,
27.832,1134,0.000881834,1147.82,1147.76,1.6894,,
27.849,1147,0.00087184,1147.82,1147.76,1.69041,,
27.866,1079,0.000926784,1147.82,1147.76,1.69142,,
27.883,1132,0.000883392,1147.83,1147.76,1.69243,,
27.9,1129,0.00088574,1147.83,1147.76,1.69345,,
27.917,1109,0.000901713,1147.83,1147.76,1.69446,,
27.934,1131,0.000884173,1147.83,1147.76,1.69547,,
27.951,1123,0.000890472,1147.83,1147.76,1.69648,,
27.968,1200,0.000833333,1147.83,1147.76,1.69749,,
27.985,1137,0.000879507,1147.83,1147.76,1.6985,,
28.002,1112,0.000899281,1147.83,1147.76,1.69951,,
28.019,1157,0.000864304,1147.83,1147.76,1.70052,,
28.036,1170,0.000854701,1147.83,1147.77,1.70154,,
28.053,1099,0.000909918,1147.83,1147.77,1.70255,,
28.07,1134,0.000881834,1147.83,1147.77,1.70356,,
28.087,1135,0.000881057,1147.83,1147.77,1.70457,,
28.104,1146,0.0008726,1147.83,1147.77,1.70558,,
28.121,1172,0.000853242,1147.84,1147.77,1.70659,,
28.138,1140,0.000877193,1147.84,1147.77,1.7076,,
28.155,1099,0.000909918,1147.84,1147.77,1.70861,,
28.172,1103,0.000906618,1147.84,1147.77,1.70962,,
28.189,1122,0.000891266,1147.84,1147.77,1.71063,,
28.206,1140,0.000877193,1147.84,1147.77,1.71164,,
28.223,1100,0.000909091,1147.84,1147.77,1.71265,,
28.24,1117,0.000895255,1147.84,1147.77,1.71367,,
28.257,1139,0.000877963,1147.84,1147.77,1.71468,,
28.274,1106,0.000904159,1147.84,1147.77,1.71569,,
28.291,1142,0.000875657,1147.84,1147.77,1.7167,,
28.308,1143,0.000874891,1147.84,1147.77,1.71771,,
28.325,1150,0.000869565,1147.84,1147.77,1.71872,,
28.342,1146,0.0008726,1147.84,1147.77,1.71973,,
28.359,1124,0.00088968,1147.84,1147.78,1.72074,,
28.376,1143,0.000874891,1147.84,1147.78,1.72175,,
28.393,1118,0.000894454,1147.84,1147.78,1.72276,,
28.41,1147,0.00087184,1147.85,1147.78,1.72377,,
28.427,1184,0.000844595,1147.85,1147.78,1.72478,,
28.444,1143,0.000874891,1147.85,1147.78,1.72579,,
28.461,1128,0.000886525,1147.85,1147.78,1.7268,,
28.478,1124,0.00088968,1147.85,1147.78,1.72781,,
28.495,1099,0.000909918,1147.85,1147.78,1.72882,,
28.512,1119,0.000893655,1147.85,1147.78,1.72983,,
28.529,1180,0.000847458,1147.85,1147.78,1.73084,,
28.546,1147,0.00087184,1147.85,1147.78,1.73185,,
28.563,1159,0.000862813,1147.85,1147.78,1.73286,,
28.58,1156,0.000865052,1147.85,1147.78,1.73387,,
28.597,1094,0.000914077,1147.85,1147.78,1.73488,,
28.614,1141,0.000876424,1147.85,1147.78,1.73589,,
28.631,1095,0.000913242,1147.85,1147.78,1.7369,,
28.648,1138,0.000878735,1147.85,1147.78,1.73791,,
28.665,1090,0.000917431,1147.85,1147.78,1.73892,,
28.682,1109,0.000901713,1147.85,1147.78,1.73993,,
28.699,1086,0.00092081,1147.85,1147.78,1.74094,,
28.716,1098,0.000910747,1147.85,1147.78,1.74195,,
28.733,1124,0.00088968,1147.85,1147.78,1.74296,,
28.75,1123,0.000890472,1147.85,1147.78,1.74397,,
28.767,1126,0.000888099,1147.85,1147.78,1.74498,,
28.784,1188,0.000841751,1147.85,1147.78,1.74599,,
28.801,1099,0.000909918,1147.85,1147.78,1.747,,
28.818,1154,0.000866551,1147.85,1147.78,1.74801,,
28.835,1146,0.0008726,1147.85,1147.78,1.74901,,
28.852,1104,0.000905797,1147.85,1147.78,1.75002,,
28.869,1135,0.000881057,1147.86,1147.78,1.75103,,
28.886,1155,0.000865801,1147.86,1147.78,1.75204,,
28.903,1158,0.000863558,1147.86,1147.78,1.75305,,
28.92,1197,0.000835422,1147.86,1147.78,1.75406,,
28.937,1138,0.000878735,1147.86,1147.78,1.75507,,
28.954,1136,0.000880282,1147.86,1147.78,1.75608,,
28.971,1136,0.000880282,1147.86,1147.78,1.75709,,
28.988,1172,0.000853242,1147.86,1147.78,1.7581,,
29.005,1152,0.000868056,1147.86,1147.78,1.75911,,
29.022,1147,0.00087184,1147.86,1147.78,1.76011,,
29.039,1179,0.000848176,1147.86,1147.78,1.76112,,
29.056,1143,0.000874891,1147.86,1147.78,1.76213,,
29.073,1188,0.000841751,1147.86,1147.78,1.76314,,
29.09,1155,0.000865801,1147.86,1147.78,1.76415,,
29.107,1123,0.000890472,1147.86,1147.78,1.76516,,
29.124,1129,0.00088574,1147.86,1147.78,1.76617,,
29.141,1105,0.000904977,1147.86,1147.78,1.76718,,
29.158,1133,0.000882613,1147.86,1147.78,1.76818,,
29.175,1185,0.000843882,1147.86,1147.78,1.76919,,
29.192,1157,0.000864304,1147.86,1147.78,1.7702,,
29.209,1166,0.000857633,1147.86,1147.78,1.77121,,
29.226,1168,0.000856164,1147.86,1147.78,1.77222,,
29.243,1154,0.000866551,1147.86,1147.78,1.77323,,
29.26,1134,0.000881834,1147.86,1147.78,1.77423,,
29.277,1156,0.000865052,1147.86,1147.78,1.77524,,
29.294,1147,0.00087184,1147.86,1147.78,1.77625,,
29.311,1150,0.000869565,1147.86,1147.78,1.77726,,
29.328,1163,0.000859845,1147.86,1147.78,1.77827,,
29.345,1137,0.000879507,1147.86,1147.78,1.77928,,
29.362,1116,0.000896057,1147.86,1147.78,1.78028,,
29.379,1100,0.000909091,1147.86,1147.78,1.78129,,
29.396,1110,0.000900901,1147.86,1147.78,1.7823,,
29.413,1130,0.000884956,1147.86,1147.78,1.78331,,
29.43,1163,0.000859845,1147.86,1147.78,1.78432,,
29.447,1146,0.0008726,1147.86,1147.78,1.78532,,
29.464,1186,0.00084317,1147.86,1147.78,1.78633,,
29.481,1190,0.000840336,1147.86,1147.78,1.78734,,
29.498,1154,0.000866551,1147.86,1147.78,1.78835,,
29.515,1151,0.00086881,1147.86,1147.78,1.78936,,
29.532,1164,0.000859107,1147.86,1147.78,1.79036,,
29.549,1125,0.000888889,1147.86,1147.78,1.79137,,
29.566,1162,0.000860585,1147.86,1147.78,1.79238,,
29.583,1108,0.000902527,1147.86,1147.78,1.79339,,
29.6,1161,0.000861326,1147.86,1147.78,1.79439,,
29.617,1157,0.000864304,1147.86,1147.78,1.7954,,
29.634,1165,0.000858369,1147.86,1147.78,1.79641,,
29.651,1149,0.000870322,1147.86,1147.78,1.79742,,
29.668,1103,0.000906618,1147.86,1147.77,1.79842,,
29.685,1195,0.00083682,1147.86,1147.77,1.79943,,
29.702,1164,0.000859107,1147.86,1147.77,1.80044,,
29.719,1175,0.000851064,1147.86,1147.77,1.80145,,
29.736,1164,0.000859107,1147.86,1147.77,1.80245,,
29.753,1158,0.000863558,1147.86,1147.77,1.80346,,
29.77,1214,0.000823723,1147.86,1147.77,1.80447,,
29.787,1167,0.000856898,1147.86,1147.77,1.80547,,
29.804,1115,0.000896861,1147.86,1147.77,1.80648,,
29.821,1173,0.000852515,1147.86,1147.77,1.80749,,
29.838,1165,0.000858369,1147.86,1147.77,1.80849,,
29.855,1165,0.000858369,1147.86,1147.77,1.8095,,
29.872,1150,0.000869565,1147.86,1147.77,1.81051,,
29.889,1159,0.000862813,1147.86,1147.77,1.81152,,
29.906,1098,0.000910747,1147.86,1147.77,1.81252,,
29.923,1194,0.000837521,1147.85,1147.77,1.81353,,
29.94,1128,0.000886525,1147.85,1147.77,1.81454,,
29.957,1128,0.000886525,1147.85,1147.77,1.81554,,
29.974,1117,0.000895255,1147.85,1147.77,1.81655,,
29.991,1112,0.000899281,1147.85,1147.76,1.81756,,
30.008,1102,0.000907441,1147.85,1147.76,1.81856,,
30.025,1156,0.000865052,1147.85,1147.76,1.81957,,
30.042,1165,0.000858369,1147.85,1147.76,1.82058,,
30.059,1162,0.000860585,1147.85,1147.76,1.82158,,
30.076,1148,0.00087108,1147.85,1147.76,1.82259,,
30.093,1135,0.000881057,1147.85,1147.76,1.8236,,
30.11,1144,0.000874126,1147.85,1147.76,1.8246,,
30.127,1133,0.000882613,1147.85,1147.76,1.82561,,
30.144,1148,0.00087108,1147.85,1147.76,1.82661,,
30.161,1143,0.000874891,1147.85,1147.76,1.82762,,
30.178,1174,0.000851789,1147.85,1147.76,1.82863,,
30.195,1161,0.000861326,1147.85,1147.76,1.82963,,
30.212,1178,0.000848896,1147.85,1147.76,1.83064,,
30.229,1168,0.000856164,1147.85,1147.75,1.83165,,
30.246,1183,0.000845309,1147.85,1147.75,1.83265,,
30.263,1213,0.000824402,1147.85,1147.75,1.83366,,
30.28,1204,0.000830565,1147.85,1147.75,1.83466,,
30.297,1201,0.000832639,1147.85,1147.75,1.83567,,
30.314,1209,0.00082713,1147.85,1147.75,1.83667,,
30.331,1173,0.000852515,1147.85,1147.75,1.83768,,
30.348,1132,0.000883392,1147.85,1147.75,1.83869,,
30.365,1163,0.000859845,1147.85,1147.75,1.83969,,
30.382,1188,0.000841751,1147.85,1147.75,1.8407,,
30.399,1165,0.000858369,1147.84,1147.75,1.8417,,
30.416,1142,0.000875657,1147.84,1147.75,1.84271,,
30.433,1161,0.000861326,1147.84,1147.74,1.84371,,
30.45,1202,0.000831947,1147.84,1147.74,1.84472,,
30.467,1220,0.000819672,1147.84,1147.74,1.84573,,
30.484,1153,0.000867303,1147.84,1147.74,1.84673,,
30.501,1174,0.000851789,1147.84,1147.74,1.84774,,
30.518,1193,0.000838223,1147.84,1147.74,1.84874,,
30.535,1124,0.00088968,1147.84,1147.74,1.84975,,
30.552,1135,0.000881057,1147.84,1147.74,1.85075,,
30.569,1145,0.000873362,1147.84,1147.74,1.85176,,
30.586,1139,0.000877963,1147.84,1147.74,1.85276,,
30.603,1129,0.00088574,1147.84,1147.73,1.85377,,
30.62,1157,0.000864304,1147.84,1147.73,1.85477,,
30.637,1131,0.000884173,1147.84,1147.73,1.85578,,
30.654,1181,0.00084674,1147.84,1147.73,1.85678,,
30.671,1145,0.000873362,1147.84,1147.73,1.85779,,
30.688,1158,0.000863558,1147.84,1147.73,1.85879,,
30.705,1196,0.00083612,1147.84,1147.73,1.8598,,
30.722,1198,0.000834725,1147.83,1147.73,1.8608,,
30.739,1167,0.000856898,1147.83,1147.73,1.86181,,
30.756,1164,0.000859107,1147.83,1147.72,1.86281,,
30.773,1126,0.000888099,1147.83,1147.72,1.86382,,
30.79,1137,0.000879507,1147.83,1147.72,1.86482,,
30.807,1186,0.00084317,1147.83,1147.72,1.86583,,
30.824,1139,0.000877963,1147.83,1147.72,1.86683,,
30.841,1156,0.000865052,1147.83,1147.72,1.86784,,
30.858,1130,0.000884956,1147.83,1147.72,1.86884,,
30.875,1136,0.000880282,1147.83,1147.72,1.86985,,
30.892,1115,0.000896861,1147.83,1147.71,1.87085,,
30.909,1136,0.000880282,1147.83,1147.71,1.87186,,
30.926,1124,0.00088968,1147.83,1147.71,1.87286,,
30.943,1117,0.000895255,1147.83,1147.71,1.87386,,
30.96,1174,0.000851789,1147.83,1147.71,1.87487,,
30.977,1126,0.000888099,1147.83,1147.71,1.87587,,
30.994,1137,0.000879507,1147.83,1147.71,1.87688,,
31.011,1118,0.000894454,1147.82,1147.71,1.87788,,
31.028,1185,0.000843882,1147.82,1147.7,1.87889,,
31.045,1186,0.00084317,1147.82,1147.7,1.87989,,
31.062,1165,0.000858369,1147.82,1147.7,1.88089,,
31.079,1153,0.000867303,1147.82,1147.7,1.8819,,
31.096,1198,0.000834725,1147.81,1147.7,1.8829,,
31.113,1177,0.000849618,1147.81,1147.7,1.88391,,
31.13,1133,0.000882613,1147.81,1147.7,1.88491,,
31.147,1123,0.000890472,1147.81,1147.7,1.88591,,
31.164,1111,0.00090009,1147.81,1147.69,1.88692,,
31.181,1123,0.000890472,1147.81,1147.69,1.88792,,
31.198,1133,0.000882613,1147.81,1147.69,1.88892,,
31.215,1134,0.000881834,1147.81,1147.69,1.88993,,
31.232,1140,0.000877193,1147.81,1147.69,1.89093,,
31.249,1181,0.00084674,1147.81,1147.69,1.89194,,
31.266,1200,0.000833333,1147.81,1147.69,1.89294,,
31.283,1146,0.0008726,1147.8,1147.68,1.89394,,
31.3,1096,0.000912409,1147.8,1147.68,1.89495,,
31.317,1137,0.000879507,1147.8,1147.68,1.89595,,
31.334,1175,0.000851064,1147.8,1147.68,1.89695,,
31.351,1164,0.000859107,1147.8,1147.68,1.89796,,
31.368,1162,0.000860585,1147.8,1147.68,1.89896,,
31.385,1182,0.000846024,1147.8,1147.67,1.89996,,
31.402,1176,0.00085034,1147.8,1147.67,1.90097,,
31.419,1152,0.000868056,1147.8,1147.67,1.90197,,
31.436,1150,0.000869565,1147.8,1147.67,1.90297,,
31.453,1165,0.000858369,1147.8,1147.67,1.90398,,
31.47,1165,0.000858369,1147.8,1147.67,1.90498,,
31.487,1134,0.000881834,1147.8,1147.67,1.90598,,
31.504,1145,0.000873362,1147.8,1147.66,1.90698,,
31.521,1125,0.000888889,1147.79,1147.66,1.90799,,
31.538,1156,0.000865052,1147.79,1147.66,1.90899,,
31.555,1140,0.000877193,1147.79,1147.66,1.90999,,
31.572,1138,0.000878735,1147.79,1147.66,1.911,,
31.589,1220,0.000819672,1147.79,1147.66,1.912,,
31.606,1202,0.000831947,1147.79,1147.65,1.913,,
31.623,1159,0.000862813,1147.79,1147.65,1.914,,
31.64,1170,0.000854701,1147.79,1147.65,1.91501,,
31.657,1187,0.00084246,1147.79,1147.65,1.91601,,
31.674,1126,0.000888099,1147.79,1147.65,1.91701,,
31.691,1163,0.000859845,1147.79,1147.64,1.91802,,
31.708,1180,0.000847458,1147.79,1147.64,1.91902,,
31.725,1190,0.000840336,1147.79,1147.64,1.92002,,
31.742,1211,0.000825764,1147.78,1147.64,1.92102,,
31.759,1117,0.000895255,1147.78,1147.64,1.92202,,
31.776,1147,0.00087184,1147.78,1147.64,1.92303,,
31.793,1100,0.000909091,1147.78,1147.63,1.92403,,
31.81,1147,0.00087184,1147.78,1147.63,1.92503,,
31.827,1187,0.00084246,1147.81,1147.63,1.92603,,
31.844,1142,0.000875657,1147.81,1147.63,1.92704,,
31.861,1170,0.000854701,1147.81,1147.63,1.92804,,
31.878,1177,0.000849618,1147.81,1147.63,1.92904,,
31.895,1126,0.000888099,1147.81,1147.62,1.93004,,
31.912,1128,0.000886525,1147.81,1147.62,1.93104,,
31.929,1185,0.000843882,1147.83,1147.62,1.93205,,
31.946,1199,0.000834028,1147.83,1147.62,1.93305,,
31.963,1165,0.000858369,1147.83,1147.62,1.93405,,
31.98,1167,0.000856898,1147.82,1147.61,1.93505,,
31.997,1117,0.000895255,1147.82,1147.61,1.93605,,
32.014,1159,0.000862813,1147.82,1147.61,1.93706,,
32.031,1128,0.000886525,1147.82,1147.61,1.93806,,
32.048,1168,0.000856164,1147.82,1147.61,1.93906,,
32.065,1141,0.000876424,1147.82,1147.6,1.94006,,
32.082,1170,0.000854701,1147.82,1147.6,1.94106,,
32.099,1183,0.000845309,1147.82,1147.6,1.94206,,
32.116,1183,0.000845309,1147.82,1147.6,1.94306,,
32.133,1188,0.000841751,1147.82,1147.6,1.94407,,
32.15,1154,0.000866551,1147.82,1147.59,1.94507,,
32.167,1166,0.000857633,1147.89,1147.59,1.94607,,
32.184,1167,0.000856898,1147.89,1147.59,1.94707,,
32.201,1163,0.000859845,1147.89,1147.59,1.94807,,
32.218,1130,0.000884956,1147.89,1147.59,1.94907,,
32.235,1142,0.000875657,1147.89,1147.58,1.95007,,
32.252,1166,0.000857633,1147.93,1147.58,1.95108,,
32.269,1137,0.000879507,1147.93,1147.58,1.95208,,
32.286,1139,0.000877963,1147.93,1147.58,1.95308,,
32.303,1107,0.000903342,1147.93,1147.57,1.95408,,
32.32,1103,0.000906618,1147.93,1147.57,1.95508,,
32.337,1135,0.000881057,1147.93,1147.57,1.95608,,
32.354,1159,0.000862813,1147.93,1147.57,1.95708,,
32.371,1118,0.000894454,1147.93,1147.57,1.95808,,
32.388,1141,0.000876424,1147.93,1147.56,1.95908,,
32.405,1136,0.000880282,1147.93,1147.56,1.96008,,
32.422,1131,0.000884173,1147.93,1147.56,1.96108,,
32.439,1149,0.000870322,1147.93,1147.56,1.96208,,
32.456,1167,0.000856898,1147.93,1147.55,1.96309,,
32.473,1130,0.000884956,1147.93,1147.55,1.96409,,
33.306,1212,0.000825083,1147.95,1147.43,2.01306,,
33.323,1204,0.000830565,1147.95,1147.43,2.01406,,
33.34,1215,0.000823045,1147.96,1147.42,2.01506,,
33.357,1160,0.000862069,1147.96,1147.42,2.01606,,
33.374,1157,0.000864304,1147.96,1147.42,2.01705,,
33.391,1203,0.000831255,1147.96,1147.41,2.01805,,
33.408,1248,0.000801282,1147.96,1147.41,2.01905,,
33.425,1158,0.000863558,1147.96,1147.41,2.02005,,
33.442,1169,0.000855432,1147.97,1147.41,2.02105,,
33.459,1203,0.000831255,1147.97,1147.4,2.02204,,
33.476,1194,0.000837521,1147.97,1147.4,2.02304,,
33.493,1207,0.0008285,1147.97,1147.4,2.02404,,
33.51,1172,0.000853242,1147.97,1147.39,2.02504,,
33.527,1141,0.000876424,1147.98,1147.39,2.02604,,
33.544,1148,0.00087108,1147.98,1147.39,2.02703,,
33.561,1242,0.000805153,1147.98,1147.39,2.02803,,
33.578,1184,0.000844595,1147.98,1147.38,2.02903,,
33.595,1213,0.000824402,1147.98,1147.38,2.03003,,
33.612,1206,0.000829187,1147.99,1147.38,2.03102,,
33.629,1141,0.000876424,1147.99,1147.37,2.03202,,
33.646,1164,0.000859107,1147.99,1147.37,2.03302,,
33.663,1190,0.000840336,1148,1147.37,2.03402,,
33.68,1158,0.000863558,1148,1147.36,2.03501,,
33.697,1112,0.000899281,1148.01,1147.36,2.03601,,
33.714,1249,0.000800641,1148.01,1147.36,2.03701,,
33.731,1144,0.000874126,1148.01,1147.36,2.03801,,
33.748,1202,0.000831947,1148.01,1147.35,2.039,,
33.765,1138,0.000878735,1148.02,1147.35,2.04,,
33.782,1163,0.000859845,1148.02,1147.35,2.041,,
33.799,1244,0.000803859,1148.03,1147.34,2.042,,
33.816,1218,0.000821018,1148.03,1147.34,2.04299,,
33.833,1143,0.000874891,1148.03,1147.34,2.04399,,
33.85,1139,0.000877963,1148.04,1147.33,2.04499,,
33.867,1192,0.000838926,1148.04,1147.33,2.04598,,
33.884,1113,0.000898473,1148.05,1147.33,2.04698,,
33.901,1123,0.000890472,1148.05,1147.32,2.04798,,
33.918,1101,0.000908265,1148.05,1147.32,2.04897,,
33.935,1125,0.000888889,1148.06,1147.32,2.04997,,
33.952,1187,0.00084246,1148.06,1147.31,2.05097,,
33.969,1169,0.000855432,1148.07,1147.31,2.05196,,
33.986,1168,0.000856164,1148.07,1147.31,2.05296,,
34.003,1160,0.000862069,1148.08,1147.3,2.05396,,
34.02,1154,0.000866551,1148.08,1147.3,2.05495,,
34.037,1156,0.000865052,1148.09,1147.3,2.05595,,
34.054,1135,0.000881057,1148.09,1147.29,2.05695,,
34.071,1146,0.0008726,1148.1,1147.29,2.05794,,
34.088,1154,0.000866551,1148.1,1147.29,2.05894,,
34.105,1157,0.000864304,1148.11,1147.28,2.05994,,
34.122,1160,0.000862069,1148.12,1147.28,2.06093,,
34.139,1149,0.000870322,1148.12,1147.28,2.06193,,
34.156,1175,0.000851064,1148.13,1147.27,2.06292,,
34.173,1152,0.000868056,1148.13,1147.27,2.06392,,
34.19,1130,0.000884956,1148.14,1147.27,2.06492,,
34.207,1148,0.00087108,1148.15,1147.26,2.06591,,
34.224,1189,0.000841043,1148.16,1147.26,2.06691,,
34.241,1178,0.000848896,1148.16,1147.26,2.06791,,
34.258,1147,0.00087184,1148.17,1147.25,2.0689,,
34.275,1140,0.000877193,1148.18,1147.25,2.0699,,
34.292,1169,0.000855432,1148.19,1147.25,2.07089,,
34.309,1209,0.00082713,1148.19,1147.24,2.07189,,
34.326,1177,0.000849618,1148.2,1147.24,2.07288,,
34.343,1157,0.000864304,1148.21,1147.24,2.07388,,
34.36,1147,0.00087184,1148.22,1147.23,2.07488,,
34.377,1157,0.000864304,1148.23,1147.23,2.07587,,
34.394,1178,0.000848896,1148.24,1147.23,2.07687,,
34.411,1140,0.000877193,1148.25,1147.22,2.07786,,
34.428,1166,0.000857633,1148.26,1147.22,2.07886,,
34.445,1161,0.000861326,1148.27,1147.22,2.07985,,
34.462,1200,0.000833333,1148.28,1147.21,2.08085,,
34.479,1197,0.000835422,1148.29,1147.21,2.08184,,
34.496,1176,0.00085034,1148.3,1147.21,2.08284,,
34.513,1114,0.000897666,1148.32,1147.2,2.08383,,
34.53,1178,0.000848896,1148.33,1147.2,2.08483,,
34.547,1190,0.000840336,1148.34,1147.19,2.08582,,
34.564,1183,0.000845309,1148.35,1147.19,2.08682,,
34.581,1242,0.000805153,1148.37,1147.19,2.08781,,
34.598,1218,0.000821018,1148.38,1147.18,2.08881,,
34.615,1153,0.000867303,1148.39,1147.18,2.0898,,
34.632,1162,0.000860585,1148.41,1147.18,2.0908,,
34.649,1138,0.000878735,1148.42,1147.17,2.09179,,
34.666,1172,0.000853242,1148.44,1147.17,2.09279,,
34.683,1162,0.000860585,1148.46,1147.17,2.09378,,
34.7,1114,0.000897666,1148.47,1147.16,2.09478,,
34.717,1117,0.000895255,1148.49,1147.16,2.09577,,
34.734,1158,0.000863558,1148.51,1147.15,2.09677,,
34.751,1149,0.000870322,1148.53,1147.15,2.09776,,
34.768,1157,0.000864304,1148.55,1147.15,2.09876,,
34.785,1141,0.000876424,1148.57,1147.14,2.09975,,
34.802,1164,0.000859107,1148.59,1147.14,2.10075,,
34.819,1158,0.000863558,1148.61,1147.14,2.10174,,
34.836,1148,0.00087108,1148.63,1147.13,2.10273,,
34.853,1096,0.000912409,1148.65,1147.13,2.10373,,
34.87,1159,0.000862813,1148.68,1147.12,2.10472,,
34.887,1167,0.000856898,1148.7,1147.12,2.10572,,
34.904,1060,0.000943396,1148.73,1147.12,2.10671,,
34.921,1147,0.00087184,1148.75,1147.11,2.10771,,
34.938,1149,0.000870322,1148.78,1147.11,2.1087,,
34.955,1131,0.000884173,1148.81,1147.1,2.10969,,
34.972,1138,0.000878735,1148.84,1147.1,2.11069,,
34.989,1152,0.000868056,1148.87,1147.1,2.11168,,
35.006,1157,0.000864304,1148.9,1147.09,2.11268,,
35.023,1132,0.000883392,1148.93,1147.09,2.11367,,
35.04,1135,0.000881057,1148.96,1147.08,2.11466,,
35.057,1158,0.000863558,1149,1147.08,2.11566,,
35.074,1207,0.0008285,1149.04,1147.08,2.11665,,
35.091,1186,0.00084317,1149.07,1147.07,2.11764,,
35.108,1127,0.000887311,1149.11,1147.07,2.11864,,
35.125,1142,0.000875657,1149.15,1147.07,2.11963,,
35.142,1172,0.000853242,1149.2,1147.06,2.12063,,
35.159,1142,0.000875657,1149.24,1147.06,2.12162,,
35.176,1136,0.000880282,1149.29,1147.05,2.12261,,
35.193,1167,0.000856898,1149.34,1147.05,2.12361,,
35.21,1190,0.000840336,1149.39,1147.05,2.1246,,
35.227,1161,0.000861326,1149.44,1147.04,2.12559,,
35.244,1168,0.000856164,1149.49,1147.04,2.12659,,
35.261,1155,0.000865801,1149.55,1147.03,2.12758,,
35.278,1150,0.000869565,1149.61,1147.03,2.12857,,
35.295,1167,0.000856898,1149.67,1147.02,2.12956,,
35.312,1184,0.000844595,1149.74,1147.02,2.13056,,
35.329,1135,0.000881057,1149.81,1147.02,2.13155,,
35.346,1137,0.000879507,1149.88,1147.01,2.13254,,
35.363,1115,0.000896861,1149.95,1147.01,2.13354,,
35.38,1098,0.000910747,1150.03,1147,2.13453,,
35.397,1152,0.000868056,1150.11,1147,2.13552,,
35.414,1140,0.000877193,1150.2,1147,2.13652,,
35.431,1143,0.000874891,1150.29,1146.99,2.13751,,
35.448,1092,0.000915751,1150.39,1146.99,2.1385,,
35.465,1145,0.000873362,1150.49,1146.98,2.13949,,
35.482,1186,0.00084317,1150.59,1146.98,2.14049,,
35.499,1170,0.000854701,1150.7,1146.97,2.14148,,
35.516,1167,0.000856898,1150.82,1146.97,2.14247,,
35.533,1145,0.000873362,1150.95,1146.97,2.14346,,
35.55,1176,0.00085034,1151.08,1146.96,2.14446,,
35.567,1174,0.000851789,1151.21,1146.96,2.14545,,
35.584,1162,0.000860585,1151.36,1146.95,2.14644,,
35.601,1160,0.000862069,1151.52,1146.95,2.14743,,
35.618,1193,0.000838223,1151.68,1146.94,2.14842,,
35.635,1181,0.00084674,1151.86,1146.94,2.14942,,
35.652,1079,0.000926784,1152.04,1146.94,2.15041,,
35.669,1190,0.000840336,1152.24,1146.93,2.1514,,
35.686,1170,0.000854701,1152.45,1146.93,2.15239,,
35.703,1203,0.000831255,1152.67,1146.92,2.15338,,
35.72,1177,0.000849618,1152.91,1146.92,2.15438,,
35.737,1181,0.00084674,1153.17,1146.91,2.15537,,
35.754,1203,0.000831255,1153.44,1146.91,2.15636,,
35.771,1121,0.000892061,1153.74,1146.91,2.15735,,
35.788,1106,0.000904159,1154.06,1146.9,2.15834,,
35.805,1098,0.000910747,1154.4,1146.9,2.15934,,
35.822,1069,0.000935454,1154.77,1146.89,2.16033,,
35.839,1201,0.000832639,1155.16,1146.89,2.16132,,
35.856,1199,0.000834028,1155.59,1146.88,2.16231,,
35.873,1131,0.000884173,1156.06,1146.88,2.1633,,
35.89,1177,0.000849618,1156.57,1146.87,2.16429,,
35.907,1191,0.000839631,1157.12,1146.87,2.16528,,
35.924,1193,0.000838223,1157.72,1146.87,2.16628,,
35.941,1146,0.0008726,1158.39,1146.86,2.16727,,
35.958,1139,0.000877963,1159.11,1146.86,2.16826,,
35.975,1219,0.000820345,1159.91,1146.85,2.16925,,
35.992,1186,0.00084317,1160.79,1146.85,2.17024,,
36.009,1190,0.000840336,1161.77,1146.84,2.17123,,
36.026,1162,0.000860585,1162.86,1146.84,2.17222,,
36.043,1184,0.000844595,1164.08,1146.83,2.17321,,
36.06,1177,0.000849618,1165.44,1146.83,2.17421,,
36.077,1208,0.000827815,1166.98,1146.82,2.1752,,
36.094,1243,0.000804505,1168.71,1146.82,2.17619,,
36.111,1205,0.000829876,1170.7,1146.82,2.17718,,
36.128,1213,0.000824402,1173,1146.81,2.17817,,
36.145,1200,0.000833333,1175.71,1146.81,2.17916,,
36.162,1182,0.000846024,1179.01,1146.8,2.18015,,
36.179,1213,0.000824402,1183.25,1146.8,2.18114,,
36.196,1279,0.000781861,1189.04,1146.79,2.18213,,
36.213,1302,0.000768049,1197.55,1146.79,2.18312,,
36.23,1303,0.00076746,1210.72,1146.78,2.18411,,
36.247,1377,0.000726216,1231.76,1146.78,2.1851,,
36.264,1443,0.000693001,1265.46,1146.77,2.18609,,
36.281,1531,0.000653168,1318.39,1146.77,2.18708,,
36.298,1567,0.000638162,1398.68,1146.76,2.18807,,
36.315,1691,0.000591366,1515.08,1146.76,2.18906,,
36.332,1844,0.000542299,1675.18,1146.75,2.19005,,
36.349,1947,0.000513611,1883.12,1146.75,2.19104,,
36.366,2217,0.00045106,2137,1146.74,2.19203,,
36.383,2497,0.000400481,2426.8,1146.74,2.19302,,
36.4,2864,0.000349162,2733.41,1146.73,2.19401,,
36.417,3234,0.000309215,3029.02,1146.73,2.195,,
36.434,3534,0.000282965,3280.18,1146.73,2.19599,,
36.451,3856,0.000259336,3454.64,1146.72,2.19698,,
36.468,3738,0.000267523,3532.1,1146.72,2.19797,,
36.485,3664,0.000272926,3510.45,1146.71,2.19896,,
36.502,3469,0.000288268,3401.64,1146.71,2.19995,,
36.519,3116,0.000320924,3222.57,1146.7,2.20094,,
36.536,2991,0.000334336,2991.05,1146.7,2.20193,,
36.553,2744,0.000364431,2726.88,1146.69,2.20292,,
36.57,2325,0.000430108,2452.18,1146.69,2.20391,,
36.587,2189,0.00045683,2187.95,1146.68,2.2049,,
36.604,1982,0.000504541,1949.9,1146.68,2.20589,,
36.621,1700,0.000588235,1747.24,1146.67,2.20688,,
36.638,1623,0.000616143,1583.32,1146.67,2.20787,,
36.655,1466,0.000682128,1457.02,1146.66,2.20886,,
36.672,1443,0.000693001,1364.09,1146.66,2.20985,,
36.689,1361,0.000734754,1298.63,1146.65,2.21084,,
36.706,1280,0.00078125,1254.29,1146.65,2.21183,,
36.723,1272,0.000786164,1225.18,1146.64,2.21282,,
36.74,1273,0.000785546,1206.44,1146.64,2.2138,,
36.757,1178,0.000848896,1194.39,1146.63,2.21479,,
36.774,1187,0.00084246,1186.46,1146.63,2.21578,,
36.791,1183,0.000845309,1181.01,1146.62,2.21677,,
36.808,1209,0.00082713,1177.03,1146.62,2.21776,,
36.825,1221,0.000819001,1173.94,1146.61,2.21875,,
36.842,1182,0.000846024,1171.42,1146.61,2.21974,,
36.859,1206,0.000829187,1169.28,1146.6,2.22073,,
36.876,1165,0.000858369,1167.44,1146.6,2.22171,,
36.893,1149,0.000870322,1165.83,1146.59,2.2227,,
36.91,1144,0.000874126,1164.4,1146.59,2.22369,,
36.927,1170,0.000854701,1163.13,1146.58,2.22468,,
36.944,1142,0.000875657,1161.99,1146.57,2.22567,,
36.961,1180,0.000847458,1160.97,1146.57,2.22666,,
36.978,1094,0.000914077,1160.05,1146.56,2.22765,,
36.995,1163,0.000859845,1159.22,1146.56,2.22863,,
37.012,1175,0.000851064,1158.46,1146.55,2.22962,,
37.029,1129,0.00088574,1157.82,1146.55,2.23061,,
37.046,1154,0.000866551,1157.19,1146.54,2.2316,,
37.063,1182,0.000846024,1156.62,1146.54,2.23259,,
37.08,1159,0.000862813,1156.09,1146.53,2.23357,,
37.097,1145,0.000873362,1155.61,1146.53,2.23456,,
37.114,1134,0.000881834,1155.16,1146.52,2.23555,,
37.131,1125,0.000888889,1154.75,1146.52,2.23654,,
37.148,1122,0.000891266,1154.39,1146.51,2.23753,,
37.165,1170,0.000854701,1154.03,1146.51,2.23851,,
37.182,1169,0.000855432,1153.7,1146.5,2.2395,,
37.199,1121,0.000892061,1153.4,1146.5,2.24049,,
37.216,1081,0.000925069,1153.11,1146.49,2.24148,,
37.233,1072,0.000932836,1152.85,1146.49,2.24247,,
37.25,1138,0.000878735,1152.6,1146.48,2.24345,,
37.267,1153,0.000867303,1152.36,1146.47,2.24444,,
37.284,1146,0.0008726,1152.14,1146.47,2.24543,,
37.301,1146,0.0008726,1151.94,1146.46,2.24641,,
37.318,1098,0.000910747,1151.74,1146.46,2.2474,,
37.335,1159,0.000862813,1151.56,1146.45,2.24839,,
37.352,1118,0.000894454,1151.39,1146.45,2.24938,,
37.369,1117,0.000895255,1151.23,1146.44,2.25036,,
37.386,1160,0.000862069,1151.08,1146.44,2.25135,,
37.403,1148,0.00087108,1150.93,1146.43,2.25234,,
37.42,1083,0.000923361,1150.79,1146.43,2.25333,,
37.437,1157,0.000864304,1150.66,1146.42,2.25431,,
37.454,1185,0.000843882,1150.54,1146.41,2.2553,,
37.471,1154,0.000866551,1150.42,1146.41,2.25629,,
37.488,1157,0.000864304,1150.31,1146.4,2.25727,,
37.505,1132,0.000883392,1150.21,1146.4,2.25826,,
37.522,1136,0.000880282,1150.1,1146.39,2.25925,,
37.539,1199,0.000834028,1150.01,1146.39,2.26023,,
37.556,1149,0.000870322,1149.92,1146.38,2.26122,,
37.573,1083,0.000923361,1149.83,1146.38,2.26221,,
37.59,1145,0.000873362,1149.75,1146.37,2.26319,,
37.607,1171,0.000853971,1149.67,1146.36,2.26418,,
37.624,1113,0.000898473,1149.59,1146.36,2.26517,,
37.641,1067,0.000937207,1149.52,1146.35,2.26615,,
37.658,1083,0.000923361,1149.45,1146.35,2.26714,,
37.675,1157,0.000864304,1149.38,1146.34,2.26813,,
37.692,1100,0.000909091,1149.32,1146.34,2.26911,,
37.709,1155,0.000865801,1149.26,1146.33,2.2701,,
37.726,1082,0.000924214,1149.2,1146.32,2.27108,,
37.743,1181,0.00084674,1149.14,1146.32,2.27207,,
37.76,1150,0.000869565,1149.08,1146.31,2.27306,,
37.777,1085,0.000921659,1149.03,1146.31,2.27404,,
37.794,1116,0.000896057,1148.98,1146.3,2.27503,,
37.811,1131,0.000884173,1148.93,1146.3,2.27601,,
37.828,1101,0.000908265,1148.89,1146.29,2.277,,
37.845,1138,0.000878735,1148.84,1146.28,2.27799,,
37.862,1146,0.0008726,1148.8,1146.28,2.27897,,
37.879,1184,0.000844595,1148.76,1146.27,2.27996,,
37.896,1195,0.00083682,1148.72,1146.27,2.28094,,
39.307,1293,0.000773395,1147.73,1145.75,2.36258,,
39.324,1226,0.000815661,1147.73,1145.74,2.36356,,
39.341,1217,0.000821693,1147.74,1145.73,2.36454,,
39.358,1252,0.000798722,1147.74,1145.73,2.36552,,
39.375,1222,0.000818331,1147.74,1145.72,2.3665,,
39.392,1258,0.000794913,1147.75,1145.71,2.36748,,
39.409,1247,0.000801925,1147.75,1145.71,2.36846,,
39.426,1221,0.000819001,1147.75,1145.7,2.36945,,
39.443,1207,0.0008285,1147.76,1145.69,2.37043,,
39.46,1187,0.00084246,1147.76,1145.69,2.37141,,
39.477,1243,0.000804505,1147.77,1145.68,2.37239,,
39.494,1234,0.000810373,1147.77,1145.67,2.37337,,
39.511,1212,0.000825083,1147.78,1145.67,2.37435,,
39.528,1239,0.000807103,1147.79,1145.66,2.37533,,
39.545,1158,0.000863558,1147.79,1145.65,2.37631,,
39.562,1257,0.000795545,1147.8,1145.65,2.37729,,
39.579,1241,0.000805802,1147.81,1145.64,2.37827,,
39.596,1224,0.000816993,1147.81,1145.63,2.37925,,
39.613,1179,0.000848176,1147.82,1145.63,2.38023,,
39.63,1178,0.000848896,1147.83,1145.62,2.38121,,
39.647,1220,0.000819672,1147.84,1145.61,2.38219,,
39.664,1208,0.000827815,1147.85,1145.6,2.38317,,
39.681,1175,0.000851064,1147.86,1145.6,2.38416,,
39.698,1186,0.00084317,1147.86,1145.59,2.38514,,
39.715,1200,0.000833333,1147.87,1145.58,2.38612,,
39.732,1227,0.000814996,1147.88,1145.58,2.3871,,
39.749,1197,0.000835422,1147.9,1145.57,2.38808,,
39.766,1205,0.000829876,1147.91,1145.56,2.38906,,
39.783,1162,0.000860585,1147.92,1145.56,2.39004,,
39.8,1211,0.000825764,1147.93,1145.55,2.39102,,
39.817,1227,0.000814996,1147.94,1145.54,2.392,,
39.834,1214,0.000823723,1147.95,1145.53,2.39298,,
39.851,1186,0.00084317,1147.97,1145.53,2.39395,,
39.868,1227,0.000814996,1147.98,1145.52,2.39493,,
39.885,1235,0.000809717,1147.99,1145.51,2.39591,,
39.902,1239,0.000807103,1148.01,1145.51,2.39689,,
39.919,1227,0.000814996,1148.02,1145.5,2.39787,,
39.936,1170,0.000854701,1148.04,1145.49,2.39885,,
39.953,1123,0.000890472,1148.05,1145.49,2.39983,,
39.97,1140,0.000877193,1148.07,1145.48,2.40081,,
39.987,1197,0.000835422,1148.08,1145.47,2.40179,,
40.004,1196,0.00083612,1148.1,1145.46,2.40277,,
40.021,1199,0.000834028,1148.12,1145.46,2.40375,,
40.038,1189,0.000841043,1148.14,1145.45,2.40473,,
40.055,1157,0.000864304,1148.15,1145.44,2.40571,,
40.072,1215,0.000823045,1148.17,1145.43,2.40669,,
40.089,1200,0.000833333,1148.19,1145.43,2.40767,,
40.106,1148,0.00087108,1148.21,1145.42,2.40865,,
40.123,1147,0.00087184,1148.23,1145.41,2.40962,,
40.14,1185,0.000843882,1148.25,1145.41,2.4106,,
40.157,1169,0.000855432,1148.28,1145.4,2.41158,,
40.174,1163,0.000859845,1148.3,1145.39,2.41256,,
40.191,1187,0.00084246,1148.32,1145.38,2.41354,,
40.208,1197,0.000835422,1148.34,1145.38,2.41452,,
40.225,1195,0.00083682,1148.37,1145.37,2.4155,,
40.242,1187,0.00084246,1148.39,1145.36,2.41647,,
40.259,1168,0.000856164,1148.42,1145.35,2.41745,,
40.276,1118,0.000894454,1148.45,1145.35,2.41843,,
40.293,1091,0.00091659,1148.47,1145.34,2.41941,,
40.31,1156,0.000865052,1148.5,1145.33,2.42039,,
40.327,1150,0.000869565,1148.53,1145.33,2.42137,,
40.344,1192,0.000838926,1148.56,1145.32,2.42234,,
40.361,1216,0.000822368,1148.59,1145.31,2.42332,,
40.378,1167,0.000856898,1148.62,1145.3,2.4243,,
40.395,1169,0.000855432,1148.65,1145.3,2.42528,,
40.412,1176,0.00085034,1148.68,1145.29,2.42626,,
40.429,1203,0.000831255,1148.72,1145.28,2.42724,,
40.446,1193,0.000838223,1148.75,1145.27,2.42821,,
40.463,1190,0.000840336,1148.79,1145.27,2.42919,,
40.48,1151,0.00086881,1148.82,1145.26,2.43017,,
40.497,1133,0.000882613,1148.86,1145.25,2.43115,,
40.514,1234,0.000810373,1148.9,1145.24,2.43212,,
40.531,1313,0.000761615,1148.94,1145.24,2.4331,,
40.548,1260,0.000793651,1148.98,1145.23,2.43408,,
40.565,1279,0.000781861,1149.02,1145.22,2.43506,,
40.582,1323,0.000755858,1149.06,1145.21,2.43603,,
40.599,1259,0.000794281,1149.1,1145.21,2.43701,,
40.616,1307,0.000765111,1149.15,1145.2,2.43799,,
40.633,1267,0.000789266,1149.2,1145.19,2.43897,,
40.65,1248,0.000801282,1149.24,1145.18,2.43994,,
40.667,1305,0.000766284,1149.29,1145.18,2.44092,,
40.684,1256,0.000796178,1149.34,1145.17,2.4419,,
40.701,1264,0.000791139,1149.39,1145.16,2.44288,,
40.718,1278,0.000782473,1149.45,1145.15,2.44385,,
40.735,1221,0.000819001,1149.5,1145.14,2.44483,,
40.752,1202,0.000831947,1149.56,1145.14,2.44581,,
40.769,1258,0.000794913,1149.62,1145.13,2.44678,,
40.786,1196,0.00083612,1149.68,1145.12,2.44776,,
40.803,1174,0.000851789,1149.74,1145.11,2.44874,,
40.82,1194,0.000837521,1149.8,1145.11,2.44971,,
40.837,1177,0.000849618,1149.86,1145.1,2.45069,,
40.854,1130,0.000884956,1149.93,1145.09,2.45167,,
40.871,1212,0.000825083,1150,1145.08,2.45264,,
40.888,1185,0.000843882,1150.07,1145.08,2.45362,,
40.905,1118,0.000894454,1150.14,1145.07,2.4546,,
40.922,1162,0.000860585,1150.22,1145.06,2.45557,,
40.939,1140,0.000877193,1150.29,1145.05,2.45655,,
40.956,1183,0.000845309,1150.37,1145.04,2.45753,,
40.973,1227,0.000814996,1150.46,1145.04,2.4585,,
40.99,1181,0.00084674,1150.54,1145.03,2.45948,,
41.007,1160,0.000862069,1150.63,1145.02,2.46045,,
41.024,1173,0.000852515,1150.72,1145.01,2.46143,,
41.041,1200,0.000833333,1150.81,1145.01,2.46241,,
41.058,1187,0.00084246,1150.9,1145,2.46338,,
41.075,1175,0.000851064,1151,1144.99,2.46436,,
41.092,1154,0.000866551,1151.1,1144.98,2.46533,,
41.109,1168,0.000856164,1151.21,1144.97,2.46631,,
41.126,1179,0.000848176,1151.32,1144.97,2.46729,,
41.143,1173,0.000852515,1151.43,1144.96,2.46826,,
41.16,1192,0.000838926,1151.54,1144.95,2.46924,,
41.177,1179,0.000848176,1151.66,1144.94,2.47021,,
41.194,1182,0.000846024,1151.79,1144.93,2.47119,,
41.211,1176,0.00085034,1151.92,1144.93,2.47216,,
41.228,1164,0.000859107,1152.05,1144.92,2.47314,,
41.245,1161,0.000861326,1152.18,1144.91,2.47411,,
41.262,1126,0.000888099,1152.33,1144.9,2.47509,,
41.279,1133,0.000882613,1152.47,1144.89,2.47606,,
41.296,1142,0.000875657,1152.62,1144.89,2.47704,,
41.313,1179,0.000848176,1152.78,1144.88,2.47801,,
41.33,1141,0.000876424,1152.94,1144.87,2.47899,,
41.347,1094,0.000914077,1153.11,1144.86,2.47996,,
41.364,1169,0.000855432,1153.29,1144.85,2.48094,,
41.381,1166,0.000857633,1153.47,1144.85,2.48191,,
41.398,1171,0.000853971,1153.66,1144.84,2.48289,,
41.415,1148,0.00087108,1153.85,1144.83,2.48386,,
41.432,1118,0.000894454,1154.06,1144.82,2.48484,,
41.449,1167,0.000856898,1154.27,1144.81,2.48581,,
41.466,1176,0.00085034,1154.49,1144.81,2.48679,,
41.483,1179,0.000848176,1154.72,1144.8,2.48776,,
41.5,1135,0.000881057,1154.96,1144.79,2.48874,,
41.517,1179,0.000848176,1155.21,1144.78,2.48971,,
41.534,1115,0.000896861,1155.46,1144.77,2.49069,,
41.551,1163,0.000859845,1155.73,1144.77,2.49166,,
41.568,1157,0.000864304,1156.02,1144.76,2.49264,,
41.585,1173,0.000852515,1156.31,1144.75,2.49361,,
41.602,1165,0.000858369,1156.62,1144.74,2.49458,,
41.619,1248,0.000801282,1156.94,1144.73,2.49556,,
41.636,1190,0.000840336,1157.27,1144.72,2.49653,,
41.653,1218,0.000821018,1157.63,1144.72,2.49751,,
41.67,1172,0.000853242,1157.99,1144.71,2.49848,,
41.687,1199,0.000834028,1158.38,1144.7,2.49945,,
41.704,1194,0.000837521,1158.79,1144.69,2.50043,,
41.721,1195,0.00083682,1159.21,1144.68,2.5014,,
41.738,1225,0.000816327,1159.66,1144.67,2.50238,,
41.755,1201,0.000832639,1160.13,1144.67,2.50335,,
41.772,1182,0.000846024,1160.62,1144.66,2.50432,,
41.789,1216,0.000822368,1161.15,1144.65,2.5053,,
41.806,1204,0.000830565,1161.7,1144.64,2.50627,,
41.823,1151,0.00086881,1162.28,1144.63,2.50724,,
41.84,1222,0.000818331,1162.89,1144.62,2.50822,,
41.857,1155,0.000865801,1163.54,1144.62,2.50919,,
41.874,1123,0.000890472,1164.23,1144.61,2.51016,,
41.891,1136,0.000880282,1164.97,1144.6,2.51114,,
41.908,1177,0.000849618,1165.74,1144.59,2.51211,,
41.925,1136,0.000880282,1166.57,1144.58,2.51308,,
41.942,1118,0.000894454,1167.45,1144.57,2.51406,,
41.959,1156,0.000865052,1168.39,1144.57,2.51503,,
41.976,1175,0.000851064,1169.4,1144.56,2.516,,
41.993,1222,0.000818331,1170.47,1144.55,2.51698,,
42.01,1202,0.000831947,1171.63,1144.54,2.51795,,
42.027,1197,0.000835422,1172.87,1144.53,2.51892,,
42.044,1218,0.000821018,1174.2,1144.52,2.51989,,
42.061,1193,0.000838223,1175.64,1144.51,2.52087,,
42.078,1192,0.000838926,1177.2,1144.51,2.52184,,
42.095,1202,0.000831947,1178.89,1144.5,2.52281,,
42.112,1200,0.000833333,1180.73,1144.49,2.52378,,
42.129,1150,0.000869565,1182.74,1144.48,2.52476,,
42.146,1150,0.000869565,1184.93,1144.47,2.52573,,
42.163,1201,0.000832639,1187.34,1144.46,2.5267,,
42.18,1242,0.000805153,1189.99,1144.45,2.52767,,
42.197,1201,0.000832639,1192.94,1144.45,2.52865,,
42.214,1215,0.000823045,1196.25,1144.44,2.52962,,
42.231,1248,0.000801282,1200.02,1144.43,2.53059,,
42.248,1229,0.00081367,1204.4,1144.42,2.53156,,
42.265,1282,0.000780031,1209.67,1144.41,2.53254,,
42.282,1345,0.000743494,1216.31,1144.4,2.53351,,
42.299,1375,0.000727273,1225.11,1144.39,2.53448,,
42.316,1382,0.000723589,1237.35,1144.39,2.53545,,
42.333,1379,0.000725163,1255.05,1144.38,2.53642,,
42.35,1389,0.000719942,1281.2,1144.37,2.53739,,
42.367,1457,0.000686342,1320.03,1144.36,2.53837,,
42.384,1464,0.00068306,1377.02,1144.35,2.53934,,
42.401,1608,0.000621891,1458.89,1144.34,2.54031,,
42.418,1642,0.000609013,1573.01,1144.33,2.54128,,
42.435,1719,0.000581734,1726.47,1144.32,2.54225,,
42.452,1810,0.000552486,1924.9,1144.32,2.54322,,
42.469,1912,0.000523013,2170.59,1144.31,2.5442,,
42.486,2167,0.000461467,2461.34,1144.3,2.54517,,
42.503,2416,0.000413907,2788.8,1144.29,2.54614,,
42.52,2726,0.000366838,3137.98,1144.28,2.54711,,
42.537,3095,0.000323102,3487.84,1144.27,2.54808,,
42.554,3606,0.000277316,3811.74,1144.26,2.54905,,
42.571,4107,0.000243487,4081.25,1144.25,2.55002,,
42.588,4511,0.00022168,4271.02,1144.25,2.55099,,
42.605,4790,0.000208768,4365.88,1144.24,2.55196,,
42.622,4861,0.000205719,4364.22,1144.23,2.55294,,
42.639,4784,0.00020903,4275.08,1144.22,2.55391,,
42.656,4706,0.000212495,4112.26,1144.21,2.55488,,
42.673,4284,0.000233427,3890.57,1144.2,2.55585,,
42.69,4015,0.000249066,3625.49,1144.19,2.55682,,
42.707,3713,0.000269324,3334.22,1144.18,2.55779,,
42.724,3419,0.000292483,3036.28,1144.17,2.55876,,
42.741,3144,0.000318066,2750.78,1144.17,2.55973,,
42.758,2884,0.000346741,2494.85,1144.16,2.5607,,
42.775,2690,0.000371747,2282.71,1144.15,2.56167,,
42.792,2461,0.000406339,2126.05,1144.14,2.56264,,
42.809,2408,0.000415282,2035.78,1144.13,2.56361,,
42.826,2488,0.000401929,2022.42,1144.12,2.56458,,
42.843,2574,0.0003885,2096.97,1144.11,2.56555,,
42.86,2750,0.000363636,2270.66,1144.1,2.56652,,
42.877,2978,0.000335796,2553.26,1144.09,2.56749,,
42.894,3340,0.000299401,2951.49,1144.08,2.56846,,
42.911,3646,0.000274273,3465.37,1144.08,2.56943,,
42.928,4245,0.000235571,4085.39,1144.07,2.5704,,
42.945,4803,0.000208203,4790.56,1144.06,2.57137,,
42.962,5465,0.000182983,5546.02,1144.05,2.57234,,
42.979,6200,0.00016129,6304.5,1144.04,2.57331,,
42.996,6930,0.0001443,7007.81,1144.03,2.57428,,
43.013,7607,0.000131458,7593.36,1144.02,2.57525,,
43.03,7912,0.00012639,8006.01,1144.01,2.57622,,
43.047,7959,0.000125644,8212.03,1144,2.57719,,
43.064,7926,0.000126167,8206.25,1143.99,2.57816,,
43.081,7583,0.000131874,8007.25,1143.98,2.57913,,
43.098,7148,0.000139899,7644.4,1143.97,2.5801,,
43.115,6744,0.00014828,7148.7,1143.97,2.58107,,
43.132,6153,0.000162522,6552.71,1143.96,2.58204,,
43.149,5476,0.000182615,5891.67,1143.95,2.583,,
43.166,4922,0.000203169,5204.9,1143.94,2.58397,,
43.183,4363,0.0002292,4530.63,1143.93,2.58494,,
43.2,3823,0.000261575,3900.21,1143.92,2.58591,,
43.217,3330,0.0003003,3335.58,1143.91,2.58688,,
43.234,2877,0.000347584,2849.12,1143.9,2.58785,,
43.251,2597,0.00038506,2444.81,1143.89,2.58882,,
43.268,2348,0.000425894,2120.32,1143.88,2.58979,,
43.285,2127,0.000470146,1868.53,1143.87,2.59076,,
43.302,1961,0.000509944,1679.26,1143.86,2.59172,,
43.319,1842,0.000542888,1541.25,1143.85,2.59269,,
43.336,1700,0.000588235,1443.19,1143.85,2.59366,,
43.353,1597,0.000626174,1374.95,1143.84,2.59463,,
43.37,1533,0.000652316,1328.06,1143.83,2.5956,,
43.387,1437,0.000695894,1295.85,1143.82,2.59657,,
43.404,1403,0.000712758,1273.43,1143.81,2.59754,,
43.421,1365,0.000732601,1257.37,1143.8,2.5985,,
43.438,1399,0.000714796,1245.38,1143.79,2.59947,,
43.455,1258,0.000794913,1236.02,1143.78,2.60044,,
43.472,1301,0.00076864,1228.39,1143.77,2.60141,,
43.489,1336,0.000748503,1221.94,1143.76,2.60238,,
43.506,1262,0.000792393,1216.35,1143.75,2.60334,,
43.523,1265,0.000790514,1211.41,1143.74,2.60431,,
43.54,1221,0.000819001,1207.01,1143.73,2.60528,,
43.557,1275,0.000784314,1203.04,1143.72,2.60625,,
43.574,1232,0.000811688,1199.45,1143.71,2.60721,,
43.591,1239,0.000807103,1196.19,1143.7,2.60818,,
43.608,1208,0.000827815,1193.22,1143.69,2.60915,,
43.625,1272,0.000786164,1190.5,1143.68,2.61012,,
43.642,1173,0.000852515,1188.01,1143.68,2.61108,,
43.659,1208,0.000827815,1185.72,1143.67,2.61205,,
43.676,1177,0.000849618,1183.61,1143.66,2.61302,,
43.693,1148,0.00087108,1181.66,1143.65,2.61399,,
43.71,1153,0.000867303,1179.85,1143.64,2.61495,,
43.727,1195,0.00083682,1178.18,1143.63,2.61592,,
43.744,1171,0.000853971,1176.63,1143.62,2.61689,,
43.761,1184,0.000844595,1175.18,1143.61,2.61786,,
43.778,1140,0.000877193,1173.84,1143.6,2.61882,,
43.795,1173,0.000852515,1172.58,1143.59,2.61979,,
43.812,1196,0.00083612,1171.41,1143.58,2.62076,,
43.829,1223,0.000817661,1170.31,1143.57,2.62172,,
43.846,1184,0.000844595,1169.28,1143.56,2.62269,,
43.863,1161,0.000861326,1168.31,1143.55,2.62366,,
43.88,1145,0.000873362,1167.4,1143.54,2.62462,,
43.897,1124,0.00088968,1166.55,1143.53,2.62559,,
43.914,1158,0.000863558,1165.74,1143.52,2.62656,,
43.931,1175,0.000851064,1164.98,1143.51,2.62752,,
43.948,1192,0.000838926,1164.27,1143.5,2.62849,,
43.965,1196,0.00083612,1163.59,1143.49,2.62946,,
43.982,1198,0.000834725,1162.96,1143.48,2.63042,,
43.999,1190,0.000840336,1162.35,1143.47,2.63139,,
44.016,1148,0.00087108,1161.78,1143.46,2.63235,,
44.033,1199,0.000834028,1161.24,1143.45,2.63332,,
44.05,1210,0.000826446,1160.73,1143.44,2.63429,,
44.067,1147,0.00087184,1160.25,1143.43,2.63525,,
44.084,1140,0.000877193,1159.79,1143.42,2.63622,,
44.101,1161,0.000861326,1159.36,1143.41,2.63718,,
44.118,1151,0.00086881,1158.95,1143.4,2.63815,,
44.135,1185,0.000843882,1158.56,1143.39,2.63912,,
44.152,1204,0.000830565,1158.19,1143.38,2.64008,,
44.169,1176,0.00085034,1157.84,1143.37,2.64105,,
44.186,1236,0.000809061,1157.51,1143.36,2.64201,,
44.203,1277,0.000783085,1157.2,1143.35,2.64298,,
44.22,1213,0.000824402,1156.9,1143.34,2.64394,,
44.237,1189,0.000841043,1156.62,1143.33,2.64491,,
44.254,1241,0.000805802,1156.36,1143.32,2.64588,,
44.271,1253,0.000798085,1156.12,1143.31,2.64684,,
44.288,1239,0.000807103,1155.89,1143.3,2.64781,,
44.305,1303,0.00076746,1155.67,1143.29,2.64877,,
44.322,1316,0.000759878,1155.47,1143.28,2.64974,,
44.339,1305,0.000766284,1155.29,1143.27,2.6507,,
44.356,1313,0.000761615,1155.12,1143.26,2.65167,,
44.373,1325,0.000754717,1154.96,1143.25,2.65263,,
44.39,1342,0.000745156,1154.82,1143.24,2.6536,,
44.407,1268,0.000788644,1154.7,1143.23,2.65456,,
44.934,1393,0.000717875,1331.16,1142.92,2.68444,,
44.951,1420,0.000704225,1376.51,1142.91,2.68541,,
44.968,1499,0.000667111,1425.47,1142.9,2.68637,,
44.985,1577,0.000634115,1475.59,1142.89,2.68733,,
45.002,1607,0.000622278,1523.7,1142.88,2.68829,,
45.019,1632,0.000612745,1566.2,1142.87,2.68926,,
45.036,1729,0.000578369,1599.51,1142.86,2.69022,,
45.053,1787,0.000559597,1620.88,1142.84,2.69118,,
45.07,1777,0.000562746,1629.06,1142.83,2.69215,,
45.087,1788,0.000559284,1624.38,1142.82,2.69311,,
45.104,1751,0.000571102,1608.22,1142.81,2.69407,,
45.121,1684,0.000593824,1582.4,1142.8,2.69503,,
45.138,1648,0.000606796,1548.8,1142.79,2.696,,
45.155,1594,0.000627353,1509.31,1142.78,2.69696,,
45.172,1501,0.000666223,1466.1,1142.77,2.69792,,
45.189,1461,0.000684463,1421.45,1142.76,2.69888,,
45.206,1417,0.000705716,1377.62,1142.75,2.69984,,
45.223,1343,0.000744602,1336.48,1142.74,2.70081,,
45.24,1328,0.000753012,1299.32,1142.73,2.70177,,
45.257,1287,0.000777001,1266.96,1142.72,2.70273,,
45.274,1259,0.000794281,1239.67,1142.71,2.70369,,
45.291,1293,0.000773395,1217.38,1142.7,2.70465,,
45.308,1244,0.000803859,1199.74,1142.69,2.70562,,
45.325,1159,0.000862813,1186.18,1142.68,2.70658,,
45.342,1161,0.000861326,1176.05,1142.67,2.70754,,
45.359,1237,0.000808407,1168.66,1142.65,2.7085,,
45.376,1218,0.000821018,1163.4,1142.64,2.70946,,
45.393,1140,0.000877193,1159.69,1142.63,2.71042,,
45.41,1206,0.000829187,1157.1,1142.62,2.71138,,
45.427,1198,0.000834725,1155.28,1142.61,2.71235,,
45.444,1161,0.000861326,1153.97,1142.6,2.71331,,
45.461,1197,0.000835422,1153.01,1142.59,2.71427,,
45.478,1193,0.000838223,1152.26,1142.58,2.71523,,
45.495,1172,0.000853242,1151.67,1142.57,2.71619,,
45.512,1087,0.000919963,1151.17,1142.56,2.71715,,
45.529,1183,0.000845309,1150.73,1142.55,2.71811,,
45.546,1167,0.000856898,1150.35,1142.54,2.71907,,
45.563,1157,0.000864304,1150.01,1142.53,2.72003,,
45.58,1149,0.000870322,1149.7,1142.52,2.721,,
45.597,1210,0.000826446,1149.42,1142.5,2.72196,,
45.614,1134,0.000881834,1149.17,1142.49,2.72292,,
45.631,1149,0.000870322,1148.93,1142.48,2.72388,,
45.648,1163,0.000859845,1148.71,1142.47,2.72484,,
45.665,1167,0.000856898,1148.5,1142.46,2.7258,,
45.682,1143,0.000874891,1148.32,1142.45,2.72676,,
45.699,1190,0.000840336,1148.14,1142.44,2.72772,,
45.716,1185,0.000843882,1147.97,1142.43,2.72868,,
45.733,1212,0.000825083,1147.82,1142.42,2.72964,,
45.75,1221,0.000819001,1147.68,1142.41,2.7306,,
45.767,1170,0.000854701,1147.54,1142.4,2.73156,,
45.784,1125,0.000888889,1147.41,1142.38,2.73252,,
45.801,1149,0.000870322,1147.29,1142.37,2.73348,,
45.818,1169,0.000855432,1147.18,1142.36,2.73444,,
45.835,1171,0.000853971,1147.07,1142.35,2.7354,,
45.852,1212,0.000825083,1146.97,1142.34,2.73636,,
45.869,1128,0.000886525,1146.87,1142.33,2.73732,,
45.886,1150,0.000869565,1146.78,1142.32,2.73828,,
45.903,1169,0.000855432,1146.69,1142.31,2.73924,,
45.92,1108,0.000902527,1146.6,1142.3,2.7402,,
45.937,1097,0.000911577,1146.52,1142.29,2.74116,,
45.954,1110,0.000900901,1146.44,1142.27,2.74212,,
45.971,1102,0.000907441,1146.37,1142.26,2.74308,,
45.988,1111,0.00090009,1146.3,1142.25,2.74404,,
46.005,1122,0.000891266,1146.23,1142.24,2.745,,
46.022,1104,0.000905797,1146.17,1142.23,2.74595,,
46.039,1120,0.000892857,1146.1,1142.22,2.74691,,
46.056,1152,0.000868056,1146.04,1142.21,2.74787,,
46.073,1159,0.000862813,1145.99,1142.2,2.74883,,
46.09,1144,0.000874126,1145.93,1142.19,2.74979,,
46.107,1140,0.000877193,1145.88,1142.17,2.75075,,
46.124,1155,0.000865801,1145.82,1142.16,2.75171,,
46.141,1167,0.000856898,1145.77,1142.15,2.75267,,
46.158,1148,0.00087108,1145.73,1142.14,2.75363,,
46.175,1127,0.000887311,1145.68,1142.13,2.75458,,
46.192,1125,0.000888889,1145.63,1142.12,2.75554,,
46.209,1126,0.000888099,1145.59,1142.11,2.7565,,
46.226,1153,0.000867303,1145.55,1142.1,2.75746,,
46.243,1127,0.000887311,1145.51,1142.09,2.75842,,
46.26,1171,0.000853971,1145.47,1142.07,2.75938,,
46.277,1135,0.000881057,1145.43,1142.06,2.76034,,
46.294,1120,0.000892857,1145.39,1142.05,2.76129,,
46.311,1098,0.000910747,1145.36,1142.04,2.76225,,
46.328,1126,0.000888099,1145.32,1142.03,2.76321,,
46.345,1119,0.000893655,1145.29,1142.02,2.76417,,
46.362,1149,0.000870322,1145.26,1142.01,2.76513,,
46.379,1144,0.000874126,1145.22,1142,2.76608,,
46.396,1128,0.000886525,1145.19,1141.98,2.76704,,
46.413,1147,0.00087184,1145.16,1141.97,2.768,,
46.43,1149,0.000870322,1145.13,1141.96,2.76896,,
46.447,1172,0.000853242,1145.11,1141.95,2.76992,,
46.464,1096,0.000912409,1145.08,1141.94,2.77087,,
46.481,1168,0.000856164,1145.05,1141.93,2.77183,,
46.498,1144,0.000874126,1145.03,1141.92,2.77279,,
46.515,1166,0.000857633,1145,1141.9,2.77375,,
46.532,1197,0.000835422,1144.98,1141.89,2.7747,,
46.549,1174,0.000851789,1144.95,1141.88,2.77566,,
46.566,1168,0.000856164,1144.93,1141.87,2.77662,,
46.583,1167,0.000856898,1144.91,1141.86,2.77757,,
46.6,1145,0.000873362,1144.89,1141.85,2.77853,,
46.617,1127,0.000887311,1144.87,1141.84,2.77949,,
48.011,1098,0.000910747,1145.79,1140.86,2.85776,,
48.028,1121,0.000892061,1145.86,1140.84,2.85871,,
48.045,1129,0.00088574,1145.93,1140.83,2.85966,,
48.062,1136,0.000880282,1146,1140.82,2.86062,,
48.079,1101,0.000908265,1146.07,1140.81,2.86157,,
48.096,1116,0.000896057,1146.15,1140.79,2.86252,,
48.113,1139,0.000877963,1146.23,1140.78,2.86347,,
48.13,1154,0.000866551,1146.32,1140.77,2.86442,,
48.147,1110,0.000900901,1146.41,1140.76,2.86537,,
48.164,1139,0.000877963,1146.5,1140.74,2.86633,,
48.181,1132,0.000883392,1146.59,1140.73,2.86728,,
48.198,1111,0.00090009,1146.7,1140.72,2.86823,,
48.215,1146,0.0008726,1146.8,1140.71,2.86918,,
48.232,1118,0.000894454,1146.91,1140.69,2.87013,,
48.249,1148,0.00087108,1147.02,1140.68,2.87108,,
48.266,1156,0.000865052,1147.14,1140.67,2.87203,,
48.283,1146,0.0008726,1147.27,1140.66,2.87298,,
48.3,1143,0.000874891,1147.4,1140.64,2.87394,,
48.317,1088,0.000919118,1147.53,1140.63,2.87489,,
48.334,1075,0.000930233,1147.67,1140.62,2.87584,,
48.351,1158,0.000863558,1147.82,1140.61,2.87679,,
48.368,1064,0.00093985,1147.98,1140.59,2.87774,,
48.385,1112,0.000899281,1148.14,1140.58,2.87869,,
48.402,1133,0.000882613,1148.31,1140.57,2.87964,,
48.419,1166,0.000857633,1148.48,1140.56,2.88059,,
48.436,1198,0.000834725,1148.67,1140.54,2.88154,,
48.453,1095,0.000913242,1148.86,1140.53,2.88249,,
48.47,1134,0.000881834,1149.07,1140.52,2.88344,,
48.487,1115,0.000896861,1149.28,1140.51,2.88439,,
48.504,1115,0.000896861,1149.51,1140.49,2.88534,,
48.521,1159,0.000862813,1149.74,1140.48,2.88629,,
48.538,1181,0.00084674,1149.99,1140.47,2.88724,,
48.555,1064,0.00093985,1150.25,1140.45,2.88819,,
48.572,1108,0.000902527,1150.52,1140.44,2.88914,,
48.589,1142,0.000875657,1150.81,1140.43,2.89009,,
48.606,1113,0.000898473,1151.12,1140.42,2.89104,,
48.623,1146,0.0008726,1151.43,1140.4,2.89199,,
48.64,1135,0.000881057,1151.77,1140.39,2.89294,,
48.657,1141,0.000876424,1152.13,1140.38,2.89389,,
48.674,1106,0.000904159,1152.5,1140.36,2.89484,,
48.691,1141,0.000876424,1152.9,1140.35,2.89579,,
48.708,1192,0.000838926,1153.32,1140.34,2.89674,,
48.725,1155,0.000865801,1153.76,1140.33,2.89769,,
48.742,1096,0.000912409,1154.23,1140.31,2.89864,,
48.759,1145,0.000873362,1154.73,1140.3,2.89959,,
48.776,1114,0.000897666,1155.26,1140.29,2.90054,,
48.793,1102,0.000907441,1155.83,1140.27,2.90148,,
48.81,1119,0.000893655,1156.43,1140.26,2.90243,,
48.827,1187,0.00084246,1157.07,1140.25,2.90338,,
48.844,1181,0.00084674,1157.75,1140.24,2.90433,,
48.861,1129,0.00088574,1158.48,1140.22,2.90528,,
48.878,1142,0.000875657,1159.26,1140.21,2.90623,,
48.895,1185,0.000843882,1160.09,1140.2,2.90718,,
48.912,1142,0.000875657,1160.99,1140.18,2.90813,,
48.929,1188,0.000841751,1161.95,1140.17,2.90908,,
48.946,1195,0.00083682,1162.98,1140.16,2.91002,,
48.963,1166,0.000857633,1164.1,1140.15,2.91097,,
48.98,1185,0.000843882,1165.3,1140.13,2.91192,,
48.997,1194,0.000837521,1166.61,1140.12,2.91287,,
49.014,1181,0.00084674,1168.02,1140.11,2.91382,,
49.031,1154,0.000866551,1169.55,1140.09,2.91477,,
49.048,1182,0.000846024,1171.22,1140.08,2.91571,,
49.065,1173,0.000852515,1173.04,1140.07,2.91666,,
49.082,1193,0.000838223,1175.03,1140.05,2.91761,,
49.099,1215,0.000823045,1177.22,1140.04,2.91856,,
49.116,1230,0.000813008,1179.64,1140.03,2.91951,,
49.133,1222,0.000818331,1182.32,1140.01,2.92045,,
49.15,1256,0.000796178,1185.33,1140,2.9214,,
49.167,1248,0.000801282,1188.76,1139.99,2.92235,,
49.184,1261,0.000793021,1192.74,1139.98,2.9233,,
49.201,1230,0.000813008,1197.48,1139.96,2.92424,,
49.218,1307,0.000765111,1203.33,1139.95,2.92519,,
49.235,1325,0.000754717,1210.83,1139.94,2.92614,,
49.252,1393,0.000717875,1220.83,1139.92,2.92709,,
49.269,1362,0.000734214,1234.58,1139.91,2.92803,,
49.286,1385,0.000722022,1253.92,1139.9,2.92898,,
49.303,1497,0.000668003,1281.42,1139.88,2.92993,,
49.32,1575,0.000634921,1320.5,1139.87,2.93088,,
49.337,1602,0.00062422,1375.58,1139.86,2.93182,,
49.354,1688,0.000592417,1451.94,1139.84,2.93277,,
49.371,1733,0.000577034,1555.57,1139.83,2.93372,,
49.388,1763,0.000567215,1692.79,1139.82,2.93466,,
49.405,1920,0.000520833,1869.44,1139.8,2.93561,,
49.422,2088,0.000478927,2090.26,1139.79,2.93656,,
49.439,2129,0.000469704,2357.61,1139.78,2.9375,,
49.456,2453,0.000407664,2670.59,1139.76,2.93845,,
49.473,2782,0.000359454,3024.44,1139.75,2.9394,,
49.49,3039,0.000329056,3409.48,1139.74,2.94034,,
49.507,3484,0.000287026,3811.64,1139.72,2.94129,,
49.524,4233,0.000236239,4212.07,1139.71,2.94224,,
49.541,4953,0.000201898,4588.4,1139.7,2.94318,,
49.558,5742,0.000174155,4916.7,1139.68,2.94413,,
49.575,6130,0.000163132,5174.13,1139.67,2.94507,,
49.592,6134,0.000163026,5343.79,1139.66,2.94602,,
49.609,6025,0.000165975,5417.59,1139.64,2.94697,,
49.626,5609,0.000178285,5397.31,1139.63,2.94791,,
49.643,5171,0.000193386,5291.29,1139.62,2.94886,,
49.66,4746,0.000210704,5111.25,1139.6,2.9498,,
49.677,4521,0.00022119,4869.29,1139.59,2.95075,,
49.694,4405,0.000227015,4577.68,1139.58,2.95169,,
49.711,4088,0.000244618,4249.52,1139.56,2.95264,,
49.728,3650,0.000273973,3898.98,1139.55,2.95359,,
49.745,3104,0.000322165,3541.43,1139.53,2.95453,,
49.762,2664,0.000375375,3191.02,1139.52,2.95548,,
49.779,2314,0.000432152,2859.89,1139.51,2.95642,,
49.796,2115,0.000472813,2556.84,1139.49,2.95737,,
49.813,1900,0.000526316,2287.47,1139.48,2.95831,,
49.83,1745,0.000573066,2054.64,1139.47,2.95926,,
49.847,1644,0.000608273,1858.52,1139.45,2.9602,,
49.864,1505,0.000664452,1697.6,1139.44,2.96115,,
49.881,1467,0.000681663,1568.8,1139.43,2.96209,,
49.898,1435,0.000696864,1468.19,1139.41,2.96304,,
49.915,1366,0.000732064,1391.4,1139.4,2.96398,,
49.932,1353,0.000739098,1333.98,1139.39,2.96493,,
49.949,1307,0.000765111,1291.82,1139.37,2.96587,,
49.966,1326,0.000754148,1261.27,1139.36,2.96682,,
49.983,1311,0.000762777,1239.3,1139.34,2.96776,,
50,1281,0.00078064,1223.49,1139.33,2.96871,,
50.017,1239,0.000807103,1212,1139.32,2.96965,,
50.034,1214,0.000823723,1203.48,1139.3,2.97059,,
50.051,1211,0.000825764,1196.98,1139.29,2.97154,,
50.068,1167,0.000856898,1191.85,1139.28,2.97248,,
50.085,1177,0.000849618,1187.66,1139.26,2.97343,,
50.102,1187,0.00084246,1184.12,1139.25,2.97437,,
50.119,1204,0.000830565,1181.07,1139.23,2.97532,,
50.136,1218,0.000821018,1178.37,1139.22,2.97626,,
50.153,1155,0.000865801,1175.96,1139.21,2.9772,,
50.17,1209,0.00082713,1173.78,1139.19,2.97815,,
50.187,1225,0.000816327,1171.8,1139.18,2.97909,,
50.204,1144,0.000874126,1169.99,1139.17,2.98004,,
50.221,1190,0.000840336,1168.33,1139.15,2.98098,,
50.238,1168,0.000856164,1166.81,1139.14,2.98192,,
50.255,1133,0.000882613,1165.4,1139.12,2.98287,,
50.272,1178,0.000848896,1164.09,1139.11,2.98381,,
50.289,1180,0.000847458,1162.89,1139.1,2.98475,,
50.306,1196,0.00083612,1161.78,1139.08,2.9857,,
50.323,1145,0.000873362,1160.74,1139.07,2.98664,,
50.34,1162,0.000860585,1159.78,1139.05,2.98758,,
50.357,1125,0.000888889,1158.88,1139.04,2.98853,,
50.374,1070,0.000934579,1158.04,1139.03,2.98947,,
50.391,1135,0.000881057,1157.25,1139.01,2.99041,,
50.408,1097,0.000911577,1156.52,1139,2.99135,,
50.425,1146,0.0008726,1155.83,1138.99,2.9923,,
50.442,1143,0.000874891,1155.19,1138.97,2.99324,,
50.459,1114,0.000897666,1154.58,1138.96,2.99418,,
50.476,1160,0.000862069,1154.01,1138.94,2.99513,,
50.493,1082,0.000924214,1153.47,1138.93,2.99607,,
50.51,1075,0.000930233,1152.96,1138.92,2.99701,,
50.527,1074,0.000931099,1152.48,1138.9,2.99795,,
50.544,1087,0.000919963,1152.02,1138.89,2.9989,,
50.561,1121,0.000892061,1151.6,1138.87,2.99984,,
50.578,1056,0.00094697,1151.19,1138.86,3.00078,,
50.595,1065,0.000938967,1150.8,1138.84,3.00172,,
50.612,1171,0.000853971,1150.44,1138.83,3.00266,,
50.629,1093,0.000914913,1150.09,1138.82,3.00361,,
50.646,1061,0.000942507,1149.76,1138.8,3.00455,,
50.663,1099,0.000909918,1149.45,1138.79,3.00549,,
50.68,1095,0.000913242,1149.15,1138.77,3.00643,,
50.697,1122,0.000891266,1148.87,1138.76,3.00737,,
50.714,1126,0.000888099,1148.6,1138.75,3.00832,,
50.731,1130,0.000884956,1148.34,1138.73,3.00926,,
50.748,1123,0.000890472,1148.1,1138.72,3.0102,,
50.765,1115,0.000896861,1147.87,1138.7,3.01114,,
50.782,1086,0.00092081,1147.65,1138.69,3.01208,,
50.799,1091,0.00091659,1147.43,1138.68,3.01302,,
50.816,1125,0.000888889,1147.23,1138.66,3.01397,,
50.833,1138,0.000878735,1147.04,1138.65,3.01491,,
50.85,1084,0.000922509,1146.86,1138.63,3.01585,,
50.867,1050,0.000952381,1146.68,1138.62,3.01679,,
50.884,1105,0.000904977,1146.51,1138.6,3.01773,,
50.901,1134,0.000881834,1146.35,1138.59,3.01867,,
50.918,1102,0.000907441,1146.2,1138.58,3.01961,,
50.935,1084,0.000922509,1146.06,1138.56,3.02055,,
50.952,1098,0.000910747,1145.92,1138.55,3.02149,,
50.969,1119,0.000893655,1145.78,1138.53,3.02243,,
50.986,1124,0.00088968,1145.66,1138.52,3.02338,,
51.003,1117,0.000895255,1145.54,1138.5,3.02432,,
51.02,1147,0.00087184,1145.43,1138.49,3.02526,,
51.037,1185,0.000843882,1145.32,1138.48,3.0262,,
51.054,1117,0.000895255,1145.21,1138.46,3.02714,,
51.071,1081,0.000925069,1145.12,1138.45,3.02808,,
51.088,1062,0.00094162,1145.02,1138.43,3.02902,,
51.105,1036,0.000965251,1144.94,1138.42,3.02996,,
51.122,1081,0.000925069,1144.85,1138.4,3.0309,,
51.139,1135,0.000881057,1144.78,1138.39,3.03184,,
51.156,1098,0.000910747,1144.7,1138.37,3.03278,,
51.173,1089,0.000918274,1144.64,1138.36,3.03372,,
51.19,1083,0.000923361,1144.57,1138.35,3.03466,,
51.207,1092,0.000915751,1144.51,1138.33,3.0356,,
51.224,1090,0.000917431,1144.46,1138.32,3.03654,,
51.241,1058,0.00094518,1144.41,1138.3,3.03748,,
51.258,1086,0.00092081,1144.36,1138.29,3.03842,,
51.275,1083,0.000923361,1144.32,1138.27,3.03936,,
51.292,1087,0.000919963,1144.29,1138.26,3.0403,,
51.309,1131,0.000884173,1144.26,1138.24,3.04124,,
51.326,1073,0.000931966,1144.23,1138.23,3.04217,,
51.343,1038,0.000963391,1144.21,1138.21,3.04311,,
51.36,1087,0.000919963,1144.19,1138.2,3.04405,,
51.377,1047,0.00095511,1144.17,1138.19,3.04499,,
51.394,1122,0.000891266,1144.17,1138.17,3.04593,,
51.411,1128,0.000886525,1144.16,1138.16,3.04687,,
51.428,1189,0.000841043,1144.16,1138.14,3.04781,,
51.445,1077,0.000928505,1144.17,1138.13,3.04875,,
51.462,1075,0.000930233,1144.18,1138.11,3.04969,,
51.479,1130,0.000884956,1144.2,1138.1,3.05063,,
51.496,1082,0.000924214,1144.23,1138.08,3.05156,,
51.513,1078,0.000927644,1144.26,1138.07,3.0525,,
51.53,1081,0.000925069,1144.29,1138.05,3.05344,,
51.547,1075,0.000930233,1144.33,1138.04,3.05438,,
51.564,1110,0.000900901,1144.4,1138.02,3.05532,,
51.581,1115,0.000896861,1144.45,1138.01,3.05626,,
51.598,1089,0.000918274,1144.52,1138,3.0572,,
51.615,1098,0.000910747,1144.59,1137.98,3.05813,,
51.632,1095,0.000913242,1144.67,1137.97,3.05907,,
51.649,1112,0.000899281,1144.76,1137.95,3.06001,,
51.666,1138,0.000878735,1144.86,1137.94,3.06095,,
51.683,1128,0.000886525,1144.97,1137.92,3.06189,,
51.7,1072,0.000932836,1145.09,1137.91,3.06282,,
51.717,1055,0.000947867,1145.22,1137.89,3.06376,,
51.734,1101,0.000908265,1145.38,1137.88,3.0647,,
51.751,1123,0.000890472,1145.53,1137.86,3.06564,,
51.768,1078,0.000927644,1145.71,1137.85,3.06657,,
51.785,1087,0.000919963,1145.9,1137.83,3.06751,,
51.802,1106,0.000904159,1146.1,1137.82,3.06845,,
51.819,1119,0.000893655,1146.33,1137.8,3.06939,,
51.836,1103,0.000906618,1146.58,1137.79,3.07032,,
51.853,1118,0.000894454,1146.84,1137.77,3.07126,,
51.87,1114,0.000897666,1147.13,1137.76,3.0722,,
51.887,1106,0.000904159,1147.45,1137.74,3.07314,,
51.904,1125,0.000888889,1147.8,1137.73,3.07407,,
51.921,1115,0.000896861,1148.18,1137.71,3.07501,,
51.938,1133,0.000882613,1148.6,1137.7,3.07595,,
51.955,1158,0.000863558,1149.05,1137.68,3.07688,,
51.972,1172,0.000853242,1149.55,1137.67,3.07782,,
51.989,1161,0.000861326,1150.11,1137.65,3.07876,,
52.006,1108,0.000902527,1150.72,1137.64,3.07969,,
52.023,1095,0.000913242,1151.4,1137.62,3.08063,,
52.04,1097,0.000911577,1152.16,1137.61,3.08157,,
52.057,1117,0.000895255,1153.02,1137.59,3.0825,,
52.074,1174,0.000851789,1154.02,1137.58,3.08344,,
52.091,1150,0.000869565,1155.2,1137.56,3.08438,,
52.108,1164,0.000859107,1156.64,1137.55,3.08531,,
52.125,1205,0.000829876,1158.44,1137.53,3.08625,,
52.142,1169,0.000855432,1160.79,1137.52,3.08718,,
52.159,1153,0.000867303,1163.95,1137.5,3.08812,,
52.176,1211,0.000825764,1168.28,1137.49,3.08906,,
52.193,1186,0.00084317,1174.3,1137.47,3.08999,,
52.21,1247,0.000801925,1182.71,1137.46,3.09093,,
52.227,1215,0.000823045,1194.42,1137.44,3.09186,,
52.244,1275,0.000784314,1210.55,1137.43,3.0928,,
52.261,1304,0.000766871,1232.4,1137.41,3.09374,,
52.278,1349,0.00074129,1261.43,1137.4,3.09467,,
52.295,1375,0.000727273,1299.13,1137.38,3.09561,,
52.312,1397,0.00071582,1346.91,1137.37,3.09654,,
52.329,1450,0.000689655,1405.83,1137.35,3.09748,,
52.346,1518,0.000658762,1476.52,1137.34,3.09841,,
52.363,1535,0.000651466,1558.84,1137.32,3.09935,,
52.38,1609,0.000621504,1651.76,1137.31,3.10028,,
52.397,1742,0.000574053,1753.31,1137.29,3.10122,,
52.414,1794,0.000557414,1860.34,1137.28,3.10215,,
52.431,1958,0.000510725,1968.78,1137.26,3.10309,,
52.448,1954,0.000511771,2073.6,1137.24,3.10402,,
52.465,2072,0.000482625,2169.17,1137.23,3.10496,,
52.482,2130,0.000469484,2249.87,1137.21,3.10589,,
52.499,2191,0.000456413,2310.72,1137.2,3.10683,,
52.516,2254,0.000443656,2348.44,1137.18,3.10776,,
52.533,2258,0.00044287,2361.87,1137.17,3.1087,,
52.55,2247,0.000445038,2351.89,1137.15,3.10963,,
52.567,2200,0.000454545,2320.73,1137.14,3.11057,,
52.584,2138,0.000467727,2271.22,1137.12,3.1115,,
52.601,2146,0.000465983,2206.23,1137.11,3.11243,,
52.618,2043,0.000489476,2128.65,1137.09,3.11337,,
52.635,1959,0.000510465,2041.56,1137.08,3.1143,,
52.652,1895,0.000527704,1948.27,1137.06,3.11524,,
52.669,1778,0.00056243,1852.4,1137.05,3.11617,,
52.686,1755,0.000569801,1757.37,1137.03,3.1171,,
52.703,1672,0.000598086,1666.24,1137.01,3.11804,,
52.72,1577,0.000634115,1581.43,1137,3.11897,,
52.737,1520,0.000657895,1504.53,1136.98,3.11991,,
52.754,1455,0.000687285,1436.56,1136.97,3.12084,,
52.771,1385,0.000722022,1377.87,1136.95,3.12177,,
52.788,1350,0.000740741,1328.36,1136.94,3.12271,,
52.805,1310,0.000763359,1287.54,1136.92,3.12364,,
52.822,1297,0.00077101,1254.6,1136.91,3.12457,,
52.839,1271,0.000786782,1228.59,1136.89,3.12551,,
52.856,1228,0.000814332,1208.45,1136.87,3.12644,,
52.873,1203,0.000831255,1193.15,1136.86,3.12737,,
52.89,1198,0.000834725,1181.71,1136.84,3.12831,,
52.907,1179,0.000848176,1173.24,1136.83,3.12924,,
52.924,1197,0.000835422,1167.03,1136.81,3.13017,,
52.941,1172,0.000853242,1162.48,1136.8,3.1311,,
52.958,1196,0.00083612,1159.11,1136.78,3.13204,,
52.975,1190,0.000840336,1156.58,1136.77,3.13297,,
52.992,1161,0.000861326,1154.64,1136.75,3.1339,,
53.009,1163,0.000859845,1153.1,1136.73,3.13484,,
53.026,1176,0.00085034,1151.85,1136.72,3.13577,,
53.043,1171,0.000853971,1150.79,1136.7,3.1367,,
53.06,1139,0.000877963,1149.88,1136.69,3.13763,,
53.077,1142,0.000875657,1149.08,1136.67,3.13857,,
53.094,1184,0.000844595,1148.36,1136.66,3.1395,,
53.111,1170,0.000854701,1147.71,1136.64,3.14043,,
53.128,1126,0.000888099,1147.12,1136.62,3.14136,,
53.145,1102,0.000907441,1146.57,1136.61,3.14229,,
53.162,1138,0.000878735,1146.07,1136.59,3.14323,,
53.179,1136,0.000880282,1145.61,1136.58,3.14416,,
53.196,1107,0.000903342,1145.18,1136.56,3.14509,,
53.213,1123,0.000890472,1144.78,1136.55,3.14602,,
53.23,1127,0.000887311,1144.4,1136.53,3.14695,,
53.247,1119,0.000893655,1144.06,1136.51,3.14789,,
53.264,1065,0.000938967,1143.73,1136.5,3.14882,,
53.281,1118,0.000894454,1143.43,1136.48,3.14975,,
53.298,1103,0.000906618,1143.15,1136.47,3.15068,,
53.315,1106,0.000904159,1142.88,1136.45,3.15161,,
53.332,1104,0.000905797,1142.63,1136.44,3.15254,,
53.349,1159,0.000862813,1142.39,1136.42,3.15347,,
53.366,1098,0.000910747,1142.17,1136.4,3.1544,,
53.383,1141,0.000876424,1141.95,1136.39,3.15534,,
53.4,1120,0.000892857,1141.75,1136.37,3.15627,,
53.417,1133,0.000882613,1141.56,1136.36,3.1572,,
53.434,1169,0.000855432,1141.37,1136.34,3.15813,,
53.451,1076,0.000929368,1141.2,1136.32,3.15906,,
53.468,1150,0.000869565,1141.04,1136.31,3.15999,,
53.485,1131,0.000884173,1140.89,1136.29,3.16092,,
53.502,1129,0.00088574,1140.73,1136.28,3.16185,,
53.519,1126,0.000888099,1140.59,1136.26,3.16278,,
53.536,1125,0.000888889,1140.45,1136.24,3.16371,,
53.553,1158,0.000863558,1140.32,1136.23,3.16464,,
53.57,1107,0.000903342,1140.2,1136.21,3.16557,,
53.587,1128,0.000886525,1140.07,1136.2,3.1665,,
53.604,1091,0.00091659,1139.96,1136.18,3.16743,,
53.621,1154,0.000866551,1139.85,1136.16,3.16836,,
53.638,1142,0.000875657,1139.74,1136.15,3.16929,,
53.655,1153,0.000867303,1139.63,1136.13,3.17022,,
53.672,1104,0.000905797,1139.53,1136.12,3.17115,,
53.689,1111,0.00090009,1139.44,1136.1,3.17208,,
53.706,1132,0.000883392,1139.34,1136.08,3.17301,,
53.723,1162,0.000860585,1139.25,1136.07,3.17394,,
53.74,1163,0.000859845,1139.17,1136.05,3.17487,,
53.757,1167,0.000856898,1139.08,1136.04,3.1758,,
53.774,1105,0.000904977,1139,1136.02,3.17673,,
53.791,1088,0.000919118,1138.92,1136,3.17766,,
53.808,1117,0.000895255,1138.84,1135.99,3.17859,,
53.825,1091,0.00091659,1138.77,1135.97,3.17952,,
53.842,1120,0.000892857,1138.7,1135.95,3.18045,,
53.859,1163,0.000859845,1138.63,1135.94,3.18138,,
53.876,1148,0.00087108,1138.56,1135.92,3.18231,,
53.893,1110,0.000900901,1138.49,1135.91,3.18324,,
53.91,1067,0.000937207,1138.43,1135.89,3.18417,,
53.927,1073,0.000931966,1138.36,1135.87,3.18509,,
53.944,1082,0.000924214,1138.3,1135.86,3.18602,,
53.961,1119,0.000893655,1138.24,1135.84,3.18695,,
53.978,1140,0.000877193,1138.18,1135.82,3.18788,,
53.995,1150,0.000869565,1138.12,1135.81,3.18881,,
54.012,1130,0.000884956,1138.07,1135.79,3.18974,,
54.029,1115,0.000896861,1138.01,1135.78,3.19067,,
54.046,1149,0.000870322,1137.96,1135.76,3.19159,,
54.063,1164,0.000859107,1137.91,1135.74,3.19252,,
54.08,1095,0.000913242,1137.85,1135.73,3.19345,,
54.097,1113,0.000898473,1137.8,1135.71,3.19438,,
54.114,1095,0.000913242,1137.75,1135.69,3.19531,,
54.131,1139,0.000877963,1137.71,1135.68,3.19624,,
54.148,1122,0.000891266,1137.66,1135.66,3.19716,,
54.165,1133,0.000882613,1137.61,1135.64,3.19809,,
54.182,1137,0.000879507,1137.56,1135.63,3.19902,,
54.199,1162,0.000860585,1137.52,1135.61,3.19995,,
54.216,1085,0.000921659,1137.48,1135.6,3.20087,,
54.233,1123,0.000890472,1137.43,1135.58,3.2018,,
54.25,1120,0.000892857,1137.39,1135.56,3.20273,,
54.267,1153,0.000867303,1137.35,1135.55,3.20366,,
54.284,1131,0.000884173,1137.31,1135.53,3.20458,,
54.301,1133,0.000882613,1137.26,1135.51,3.20551,,
54.318,1069,0.000935454,1137.22,1135.5,3.20644,,
54.335,1067,0.000937207,1137.18,1135.48,3.20737,,
54.352,1095,0.000913242,1137.15,1135.46,3.20829,,
54.369,1179,0.000848176,1137.11,1135.45,3.20922,,
54.386,1084,0.000922509,1137.07,1135.43,3.21015,,
54.403,1101,0.000908265,1137.03,1135.41,3.21107,,
54.42,1123,0.000890472,1137,1135.4,3.212,,
54.437,1098,0.000910747,1136.96,1135.38,3.21293,,
54.454,1105,0.000904977,1136.92,1135.36,3.21385,,
54.471,1090,0.000917431,1136.89,1135.35,3.21478,,
54.488,1096,0.000912409,1136.85,1135.33,3.21571,,
54.505,1150,0.000869565,1136.82,1135.31,3.21663,,
54.522,1139,0.000877963,1136.78,1135.3,3.21756,,
54.539,1103,0.000906618,1136.75,1135.28,3.21849,,
54.556,1143,0.000874891,1136.72,1135.26,3.21941,,
54.573,1100,0.000909091,1136.68,1135.25,3.22034,,
54.59,1139,0.000877963,1136.65,1135.23,3.22127,,
54.607,1198,0.000834725,1136.62,1135.21,3.22219,,
54.624,1119,0.000893655,1136.59,1135.2,3.22312,,
54.641,1162,0.000860585,1136.55,1135.18,3.22404,,
54.658,1116,0.000896057,1136.52,1135.16,3.22497,,
54.675,1124,0.00088968,1136.49,1135.15,3.22589,,
54.692,1158,0.000863558,1136.46,1135.13,3.22682,,
54.709,1127,0.000887311,1136.43,1135.11,3.22775,,
54.726,1105,0.000904977,1136.4,1135.1,3.22867,,
54.743,1121,0.000892061,1136.37,1135.08,3.2296,,
54.76,1157,0.000864304,1136.34,1135.06,3.23052,,
54.777,1127,0.000887311,1136.31,1135.05,3.23145,,
54.794,1114,0.000897666,1136.28,1135.03,3.23237,,
54.811,1142,0.000875657,1136.25,1135.01,3.2333,,
54.828,1111,0.00090009,1136.22,1135,3.23422,,
54.845,1068,0.00093633,1136.19,1134.98,3.23515,,
54.862,1071,0.000933707,1136.17,1134.96,3.23607,,
54.879,1121,0.000892061,1136.14,1134.95,3.237,,
54.896,1109,0.000901713,1136.11,1134.93,3.23792,,
54.913,1144,0.000874126,1136.08,1134.91,3.23885,,
54.93,1132,0.000883392,1136.05,1134.9,3.23977,,
54.947,1127,0.000887311,1136.03,1134.88,3.2407,,
54.964,1185,0.000843882,1136,1134.86,3.24162,,
54.981,1179,0.000848176,1135.97,1134.84,3.24255,,
54.998,1169,0.000855432,1135.95,1134.83,3.24347,,
55.015,1147,0.00087184,1135.92,1134.81,3.2444,,
55.032,1150,0.000869565,1135.89,1134.79,3.24532,,
55.049,1117,0.000895255,1135.87,1134.78,3.24624,,
55.066,1131,0.000884173,1135.84,1134.76,3.24717,,
55.083,1108,0.000902527,1135.81,1134.74,3.24809,,
55.1,1153,0.000867303,1135.79,1134.73,3.24902,,
55.117,1119,0.000893655,1135.76,1134.71,3.24994,,
55.134,1129,0.00088574,1135.74,1134.69,3.25086,,
55.151,1090,0.000917431,1135.71,1134.67,3.25179,,
55.168,1109,0.000901713,1135.69,1134.66,3.25271,,
55.185,1059,0.000944287,1135.66,1134.64,3.25363,,
55.202,1131,0.000884173,1135.64,1134.62,3.25456,,
55.219,1143,0.000874891,1135.61,1134.61,3.25548,,
55.236,1125,0.000888889,1135.59,1134.59,3.2564,,
55.253,1174,0.000851789,1135.56,1134.57,3.25733,,
55.27,1082,0.000924214,1135.54,1134.55,3.25825,,
55.287,1120,0.000892857,1135.51,1134.54,3.25917,,
55.304,1147,0.00087184,1135.49,1134.52,3.2601,,
55.321,1146,0.0008726,1135.46,1134.5,3.26102,,
55.338,1085,0.000921659,1135.44,1134.49,3.26194,,
55.355,1081,0.000925069,1135.42,1134.47,3.26287,,
55.372,1100,0.000909091,1135.39,1134.45,3.26379,,
55.389,1160,0.000862069,1135.37,1134.43,3.26471,,
55.406,1111,0.00090009,1135.34,1134.42,3.26564,,
55.423,1131,0.000884173,1135.32,1134.4,3.26656,,
55.44,1076,0.000929368,1135.3,1134.38,3.26748,,
55.457,1086,0.00092081,1135.27,1134.37,3.2684,,
55.474,1117,0.000895255,1135.25,1134.35,3.26933,,
55.491,1068,0.00093633,1135.23,1134.33,3.27025,,
55.508,1072,0.000932836,1135.2,1134.31,3.27117,,
55.525,1110,0.000900901,1135.18,1134.3,3.27209,,
55.542,1167,0.000856898,1135.16,1134.28,3.27301,,
55.559,1140,0.000877193,1135.14,1134.26,3.27394,,
55.576,1135,0.000881057,1135.11,1134.24,3.27486,,
55.593,1171,0.000853971,1135.09,1134.23,3.27578,,
55.61,1118,0.000894454,1135.07,1134.21,3.2767,,
55.627,1036,0.000965251,1135.05,1134.19,3.27762,,
55.644,1049,0.000953289,1135.02,1134.18,3.27855,,
55.661,1079,0.000926784,1135,1134.16,3.27947,,
55.678,1122,0.000891266,1134.98,1134.14,3.28039,,
55.695,1112,0.000899281,1134.96,1134.12,3.28131,,
55.712,1072,0.000932836,1134.93,1134.11,3.28223,,
55.729,1104,0.000905797,1134.91,1134.09,3.28315,,
55.746,1154,0.000866551,1134.89,1134.07,3.28407,,
55.763,1132,0.000883392,1134.87,1134.05,3.285,,
55.78,1128,0.000886525,1134.85,1134.04,3.28592,,
55.797,1126,0.000888099,1134.82,1134.02,3.28684,,
55.814,1115,0.000896861,1134.8,1134,3.28776,,
55.831,1123,0.000890472,1134.78,1133.98,3.28868,,
55.848,1125,0.000888889,1134.76,1133.97,3.2896,,
55.865,1086,0.00092081,1134.74,1133.95,3.29052,,
55.882,1101,0.000908265,1134.72,1133.93,3.29144,,
55.899,1103,0.000906618,1134.69,1133.91,3.29236,,
55.916,1097,0.000911577,1134.67,1133.9,3.29328,,
55.933,1109,0.000901713,1134.65,1133.88,3.2942,,
55.95,1144,0.000874126,1134.63,1133.86,3.29512,,
55.967,1115,0.000896861,1134.61,1133.84,3.29604,,
55.984,1115,0.000896861,1134.59,1133.83,3.29696,,
56.001,1133,0.000882613,1134.57,1133.81,3.29788,,
56.018,1071,0.000933707,1134.55,1133.79,3.2988,,
56.035,1097,0.000911577,1134.52,1133.77,3.29972,,
56.052,1118,0.000894454,1134.5,1133.76,3.30064,,
56.069,1133,0.000882613,1134.48,1133.74,3.30156,,
56.086,1164,0.000859107,1134.46,1133.72,3.30248,,
56.103,1097,0.000911577,1134.44,1133.7,3.3034,,
56.12,1073,0.000931966,1134.42,1133.68,3.30432,,
56.137,1095,0.000913242,1134.4,1133.67,3.30524,,
56.154,1091,0.00091659,1134.38,1133.65,3.30616,,
56.171,1135,0.000881057,1134.36,1133.63,3.30708,,
56.188,1059,0.000944287,1134.34,1133.61,3.308,,
56.205,1035,0.000966184,1134.32,1133.6,3.30892,,
56.222,1072,0.000932836,1134.3,1133.58,3.30984,,
56.239,1063,0.000940734,1134.28,1133.56,3.31076,,
56.256,1080,0.000925926,1134.26,1133.54,3.31168,,
56.273,1123,0.000890472,1134.24,1133.53,3.3126,,
56.29,1141,0.000876424,1134.22,1133.51,3.31352,,
56.307,1056,0.00094697,1134.2,1133.49,3.31443,,
56.324,1131,0.000884173,1134.18,1133.47,3.31535,,
56.341,1068,0.00093633,1134.17,1133.45,3.31627,,
56.358,1104,0.000905797,1134.15,1133.44,3.31719,,
56.375,1114,0.000897666,1134.13,1133.42,3.31811,,
56.392,1064,0.00093985,1134.11,1133.4,3.31903,,
56.409,1070,0.000934579,1134.09,1133.38,3.31995,,
56.426,1069,0.000935454,1134.08,1133.36,3.32086,,
56.443,1081,0.000925069,1134.06,1133.35,3.32178,,
56.46,1131,0.000884173,1134.04,1133.33,3.3227,,
56.477,1074,0.000931099,1134.02,1133.31,3.32362,,
56.494,1071,0.000933707,1134,1133.29,3.32454,,
56.511,1091,0.00091659,1133.98,1133.28,3.32545,,
56.528,1137,0.000879507,1133.96,1133.26,3.32637,,
56.545,1108,0.000902527,1133.95,1133.24,3.32729,,
56.562,1083,0.000923361,1133.93,1133.22,3.32821,,
56.579,1106,0.000904159,1133.91,1133.2,3.32913,,
56.596,1103,0.000906618,1133.9,1133.19,3.33004,,
56.613,1090,0.000917431,1133.88,1133.17,3.33096,,
56.63,1074,0.000931099,1133.86,1133.15,3.33188,,
56.647,1069,0.000935454,1133.84,1133.13,3.3328,,
56.664,1069,0.000935454,1133.82,1133.11,3.33371,,
56.681,1098,0.000910747,1133.81,1133.1,3.33463,,
56.698,1102,0.000907441,1133.79,1133.08,3.33555,,
56.715,1093,0.000914913,1133.77,1133.06,3.33647,,
56.732,1052,0.00095057,1133.75,1133.04,3.33738,,
56.749,1056,0.00094697,1133.74,1133.02,3.3383,,
56.766,1061,0.000942507,1133.72,1133,3.33922,,
56.783,1086,0.00092081,1133.71,1132.99,3.34013,,
56.8,1098,0.000910747,1133.69,1132.97,3.34105,,
56.817,1123,0.000890472,1133.67,1132.95,3.34197,,
56.834,1087,0.000919963,1133.66,1132.93,3.34288,,
56.851,1076,0.000929368,1133.64,1132.91,3.3438,,
56.868,1110,0.000900901,1133.63,1132.9,3.34472,,
56.885,1078,0.000927644,1133.61,1132.88,3.34563,,
56.902,1096,0.000912409,1133.6,1132.86,3.34655,,
56.919,1086,0.00092081,1133.59,1132.84,3.34746,,
56.936,1060,0.000943396,1133.57,1132.82,3.34838,,
56.953,1040,0.000961538,1133.56,1132.81,3.3493,,
56.97,1052,0.00095057,1133.55,1132.79,3.35021,,
56.987,1094,0.000914077,1133.54,1132.77,3.35113,,
57.004,1064,0.00093985,1133.53,1132.75,3.35204,,
57.021,1040,0.000961538,1133.52,1132.73,3.35296,,
57.038,1079,0.000926784,1133.51,1132.71,3.35388,,
57.055,1093,0.000914913,1133.5,1132.7,3.35479,,
57.072,1099,0.000909918,1133.49,1132.68,3.35571,,
57.089,1113,0.000898473,1133.49,1132.66,3.35662,,
57.106,1066,0.000938086,1133.48,1132.64,3.35754,,
57.123,1091,0.00091659,1133.48,1132.62,3.35845,,
57.14,1148,0.00087108,1133.48,1132.6,3.35937,,
57.157,1080,0.000925926,1133.48,1132.59,3.36028,,
57.174,1072,0.000932836,1133.49,1132.57,3.3612,,
57.191,1051,0.000951475,1133.5,1132.55,3.36211,,
57.208,1057,0.000946074,1133.51,1132.53,3.36303,,
57.225,1093,0.000914913,1133.54,1132.51,3.36394,,
57.242,1112,0.000899281,1133.58,1132.49,3.36486,,
57.259,1041,0.000960615,1133.64,1132.48,3.36577,,
57.276,1153,0.000867303,1133.72,1132.46,3.36669,,
57.293,1045,0.000956938,1133.85,1132.44,3.3676,,
57.31,1080,0.000925926,1134.02,1132.42,3.36852,,
57.327,1061,0.000942507,1134.26,1132.4,3.36943,,
57.344,1074,0.000931099,1134.58,1132.38,3.37035,,
57.361,1102,0.000907441,1135.02,1132.36,3.37126,,
57.378,1073,0.000931966,1135.59,1132.35,3.37217,,
57.395,1053,0.000949668,1136.32,1132.33,3.37309,,
57.412,1070,0.000934579,1137.24,1132.31,3.374,,
57.429,1055,0.000947867,1138.36,1132.29,3.37492,,
57.446,1145,0.000873362,1139.7,1132.27,3.37583,,
57.463,1107,0.000903342,1141.28,1132.25,3.37674,,
57.48,1113,0.000898473,1143.07,1132.23,3.37766,,
57.497,1079,0.000926784,1145.07,1132.22,3.37857,,
57.514,1100,0.000909091,1147.22,1132.2,3.37949,,
57.531,1101,0.000908265,1149.48,1132.18,3.3804,,
57.548,1095,0.000913242,1151.78,1132.16,3.38131,,
57.565,1023,0.000977517,1154.04,1132.14,3.38223,,
57.582,1093,0.000914913,1156.14,1132.12,3.38314,,
57.599,1091,0.00091659,1158.01,1132.1,3.38405,,
57.616,1087,0.000919963,1159.54,1132.09,3.38497,,
57.633,1086,0.00092081,1160.66,1132.07,3.38588,,
57.65,1091,0.00091659,1161.33,1132.05,3.38679,,
57.667,1105,0.000904977,1161.53,1132.03,3.3877,,
57.684,1076,0.000929368,1161.28,1132.01,3.38862,,
57.701,1093,0.000914913,1160.62,1131.99,3.38953,,
57.718,1079,0.000926784,1159.6,1131.97,3.39044,,
57.735,1057,0.000946074,1158.28,1131.96,3.39136,,
57.752,1078,0.000927644,1156.7,1131.94,3.39227,,
57.769,1079,0.000926784,1154.91,1131.92,3.39318,,
57.786,1072,0.000932836,1152.96,1131.9,3.39409,,
57.803,1095,0.000913242,1150.93,1131.88,3.39501,,
57.82,1091,0.00091659,1148.86,1131.86,3.39592,,
57.837,1082,0.000924214,1146.83,1131.84,3.39683,,
57.854,1071,0.000933707,1144.87,1131.82,3.39774,,
57.871,1058,0.00094518,1143.03,1131.81,3.39865,,
57.888,1109,0.000901713,1141.34,1131.79,3.39957,,
57.905,1119,0.000893655,1139.81,1131.77,3.40048,,
57.922,1074,0.000931099,1138.47,1131.75,3.40139,,
57.939,1091,0.00091659,1137.3,1131.73,3.4023,,
57.956,1098,0.000910747,1136.3,1131.71,3.40321,,
57.973,1106,0.000904159,1135.47,1131.69,3.40413,,
57.99,1075,0.000930233,1134.78,1131.67,3.40504,,
58.007,1044,0.000957854,1134.23,1131.65,3.40595,,
58.024,1105,0.000904977,1133.78,1131.64,3.40686,,
58.041,1089,0.000918274,1133.43,1131.62,3.40777,,
58.058,1074,0.000931099,1133.15,1131.6,3.40868,,
58.075,1080,0.000925926,1132.94,1131.58,3.40959,,
58.092,1068,0.00093633,1132.77,1131.56,3.4105,,
58.109,1071,0.000933707,1132.64,1131.54,3.41142,,
58.126,1049,0.000953289,1132.54,1131.52,3.41233,,
58.143,1085,0.000921659,1132.45,1131.5,3.41324,,
58.16,1101,0.000908265,1132.38,1131.48,3.41415,,
58.177,1039,0.000962464,1132.33,1131.46,3.41506,,
58.194,1144,0.000874126,1132.27,1131.45,3.41597,,
58.211,1127,0.000887311,1132.23,1131.43,3.41688,,
58.228,1073,0.000931966,1132.19,1131.41,3.41779,,
58.245,1043,0.000958773,1132.15,1131.39,3.4187,,
58.262,1070,0.000934579,1132.11,1131.37,3.41961,,
58.279,1069,0.000935454,1132.07,1131.35,3.42052,,
58.296,1095,0.000913242,1132.04,1131.33,3.42143,,
58.313,1113,0.000898473,1132.01,1131.31,3.42234,,
58.33,1043,0.000958773,1131.98,1131.29,3.42325,,
58.347,1030,0.000970874,1131.94,1131.27,3.42416,,
58.364,1089,0.000918274,1131.91,1131.25,3.42507,,
58.381,1078,0.000927644,1131.89,1131.24,3.42598,,
58.398,1045,0.000956938,1131.86,1131.22,3.42689,,
58.415,1075,0.000930233,1131.83,1131.2,3.4278,,
58.432,1057,0.000946074,1131.8,1131.18,3.42871,,
58.449,1075,0.000930233,1131.77,1131.16,3.42962,,
58.466,1070,0.000934579,1131.75,1131.14,3.43053,,
58.483,1090,0.000917431,1131.72,1131.12,3.43144,,
58.5,1111,0.00090009,1131.7,1131.1,3.43235,,
58.517,1110,0.000900901,1131.67,1131.08,3.43326,,
58.534,1111,0.00090009,1131.65,1131.06,3.43417,,
58.551,1084,0.000922509,1131.62,1131.04,3.43508,,
58.568,1111,0.00090009,1131.6,1131.02,3.43598,,
58.585,1105,0.000904977,1131.57,1131,3.43689,,
58.602,1086,0.00092081,1131.55,1130.99,3.4378,,
58.619,1093,0.000914913,1131.52,1130.97,3.43871,,
58.636,1132,0.000883392,1131.49,1130.95,3.43962,,
58.653,1154,0.000866551,1131.46,1130.93,3.44053,,
58.67,1155,0.000865801,1131.44,1130.91,3.44144,,
58.687,1171,0.000853971,1131.42,1130.89,3.44234,,
58.704,1162,0.000860585,1131.39,1130.87,3.44325,,
58.721,1180,0.000847458,1131.37,1130.85,3.44416,,
58.738,1219,0.000820345,1131.34,1130.83,3.44507,,
58.755,1238,0.000807754,1131.32,1130.81,3.44598,,
58.772,1283,0.000779423,1131.3,1130.79,3.44689,,
58.789,1229,0.00081367,1131.27,1130.77,3.44779,,
58.806,1245,0.000803213,1131.25,1130.75,3.4487,,
58.823,1295,0.000772201,1131.23,1130.73,3.44961,,
58.84,1277,0.000783085,1131.21,1130.71,3.45052,,
58.857,1259,0.000794281,1131.18,1130.69,3.45143,,
58.874,1252,0.000798722,1131.16,1130.68,3.45233,,
58.891,1212,0.000825083,1131.14,1130.66,3.45324,,
58.908,1202,0.000831947,1131.12,1130.64,3.45415,,
58.925,1242,0.000805153,1131.1,1130.62,3.45506,,
58.942,1197,0.000835422,1131.08,1130.6,3.45596,,
58.959,1144,0.000874126,1131.05,1130.58,3.45687,,
58.976,1114,0.000897666,1131.03,1130.56,3.45778,,
58.993,1084,0.000922509,1131.01,1130.54,3.45868,,
59.01,1085,0.000921659,1130.99,1130.52,3.45959,,
59.027,1105,0.000904977,1130.97,1130.5,3.4605,,
59.044,1084,0.000922509,1130.95,1130.48,3.4614,,
59.061,1142,0.000875657,1130.93,1130.46,3.46231,,
59.078,1114,0.000897666,1130.91,1130.44,3.46322,,
59.095,1118,0.000894454,1130.88,1130.42,3.46412,,
59.112,1133,0.000882613,1130.86,1130.4,3.46503,,
59.129,1118,0.000894454,1130.84,1130.38,3.46594,,
59.146,1148,0.00087108,1130.82,1130.36,3.46684,,
59.163,1110,0.000900901,1130.8,1130.34,3.46775,,
59.18,1122,0.000891266,1130.78,1130.32,3.46866,,
59.197,1080,0.000925926,1130.76,1130.3,3.46956,,
59.214,1072,0.000932836,1130.74,1130.28,3.47047,,
59.231,1067,0.000937207,1130.72,1130.26,3.47138,,
59.248,1031,0.000969932,1130.66,1130.24,3.47228,,
59.265,1024,0.000976562,1130.64,1130.22,3.47319,,
59.282,1082,0.000924214,1130.62,1130.2,3.47409,,
59.299,1046,0.000956023,1130.6,1130.18,3.475,,
59.316,1116,0.000896057,1130.58,1130.17,3.4759,,
59.333,1080,0.000925926,1130.56,1130.15,3.47681,,
59.35,1090,0.000917431,1130.52,1130.13,3.47771,,
59.367,1073,0.000931966,1130.5,1130.11,3.47862,,
59.384,1061,0.000942507,1130.48,1130.09,3.47953,,
59.401,1068,0.00093633,1130.46,1130.07,3.48043,,
59.418,1084,0.000922509,1130.44,1130.05,3.48134,,
59.435,1044,0.000957854,1130.42,1130.03,3.48224,,
59.452,1113,0.000898473,1130.4,1130.01,3.48315,,
59.469,1058,0.00094518,1130.38,1129.99,3.48405,,
59.486,1049,0.000953289,1130.36,1129.97,3.48496,,
59.503,1065,0.000938967,1130.34,1129.95,3.48586,,
59.52,1076,0.000929368,1130.32,1129.93,3.48677,,
59.537,1087,0.000919963,1130.3,1129.91,3.48767,,
59.554,1111,0.00090009,1130.28,1129.89,3.48857,,
59.571,1071,0.000933707,1130.26,1129.87,3.48948,,
59.588,1053,0.000949668,1130.24,1129.85,3.49038,,
59.605,1103,0.000906618,1130.22,1129.83,3.49129,,
59.622,1083,0.000923361,1130.19,1129.81,3.49219,,
59.639,1072,0.000932836,1130.17,1129.79,3.4931,,
59.656,1069,0.000935454,1130.15,1129.77,3.494,,
59.673,1069,0.000935454,1130.13,1129.75,3.4949,,
59.69,1043,0.000958773,1130.11,1129.73,3.49581,,
59.707,1046,0.000956023,1130.09,1129.71,3.49671,,
59.724,1068,0.00093633,1130.07,1129.69,3.49762,,
59.741,1078,0.000927644,1130.05,1129.67,3.49852,,
59.758,1043,0.000958773,1130.03,1129.65,3.49942,,
59.775,1051,0.000951475,1130.01,1129.63,3.50033,,
59.792,1072,0.000932836,1129.99,1129.61,3.50123,,
59.809,1012,0.000988142,1129.97,1129.59,3.50213,,
59.826,1004,0.000996016,1129.95,1129.57,3.50304,,
59.843,1065,0.000938967,1129.93,1129.55,3.50394,,
59.86,1086,0.00092081,1129.91,1129.53,3.50484,,
59.877,1086,0.00092081,1129.89,1129.51,3.50575,,
59.894,1098,0.000910747,1129.87,1129.49,3.50665,,
59.911,1104,0.000905797,1129.85,1129.47,3.50755,,
59.928,1071,0.000933707,1129.83,1129.45,3.50846,,
59.945,1061,0.000942507,1129.81,1129.43,3.50936,,
59.962,1093,0.000914913,1129.79,1129.41,3.51026,,
59.979,1103,0.000906618,1129.77,1129.39,3.51116,,
59.996,1045,0.000956938,1129.75,1129.37,3.51207,,
60.013,1066,0.000938086,1129.73,1129.35,3.51297,,
60.03,1065,0.000938967,1129.71,1129.33,3.51387,,
60.047,1085,0.000921659,1129.69,1129.31,3.51477,,
60.064,1056,0.00094697,1129.67,1129.28,3.51568,,
60.081,1065,0.000938967,1129.65,1129.26,3.51658,,
60.098,1076,0.000929368,1129.62,1129.24,3.51748,,
60.115,1094,0.000914077,1129.6,1129.22,3.51838,,
60.132,1038,0.000963391,1129.58,1129.2,3.51928,,
60.149,1017,0.000983284,1129.56,1129.18,3.52019,,
60.166,1057,0.000946074,1129.54,1129.16,3.52109,,
60.183,1067,0.000937207,1129.52,1129.14,3.52199,,
60.2,1047,0.00095511,1129.5,1129.12,3.52289,,
60.217,1108,0.000902527,1129.48,1129.1,3.52379,,
60.234,1072,0.000932836,1129.46,1129.08,3.52469,,
60.251,1091,0.00091659,1129.44,1129.06,3.5256,,
60.268,1061,0.000942507,1129.42,1129.04,3.5265,,
60.285,1075,0.000930233,1129.4,1129.02,3.5274,,
60.302,1134,0.000881834,1129.38,1129,3.5283,,
60.319,1059,0.000944287,1129.36,1128.98,3.5292,,
60.336,1102,0.000907441,1129.34,1128.96,3.5301,,
60.353,1103,0.000906618,1129.32,1128.94,3.531,,
60.37,1102,0.000907441,1129.3,1128.92,3.5319,,
60.387,1089,0.000918274,1129.28,1128.9,3.5328,,
60.404,1084,0.000922509,1129.26,1128.88,3.5337,,
60.421,995,0.00100503,1129.24,1128.86,3.5346,,
60.438,1020,0.000980392,1129.22,1128.84,3.53551,,
60.455,1089,0.000918274,1129.2,1128.82,3.53641,,
60.472,1073,0.000931966,1129.18,1128.8,3.53731,,
60.489,1048,0.000954198,1129.16,1128.78,3.53821,,
60.506,1079,0.000926784,1129.14,1128.75,3.53911,,
60.523,1082,0.000924214,1129.12,1128.73,3.54001,,
60.54,1071,0.000933707,1129.1,1128.71,3.54091,,
60.557,1120,0.000892857,1129.08,1128.69,3.54181,,
60.574,1107,0.000903342,1129.06,1128.67,3.54271,,
60.591,1118,0.000894454,1129.04,1128.65,3.54361,,
60.608,1094,0.000914077,1129.02,1128.63,3.54451,,
60.625,1049,0.000953289,1129,1128.61,3.54541,,
60.642,1055,0.000947867,1128.98,1128.59,3.54631,,
60.659,1070,0.000934579,1128.96,1128.57,3.54721,,
60.676,1050,0.000952381,1128.94,1128.55,3.5481,,
60.693,1047,0.00095511,1128.91,1128.53,3.549,,
60.71,1087,0.000919963,1128.89,1128.51,3.5499,,
60.727,1124,0.00088968,1128.87,1128.49,3.5508,,
60.744,1082,0.000924214,1128.85,1128.47,3.5517,,
60.761,1078,0.000927644,1128.83,1128.45,3.5526,,
60.778,1100,0.000909091,1128.81,1128.42,3.5535,,
60.795,1106,0.000904159,1128.79,1128.4,3.5544,,
60.812,1072,0.000932836,1128.77,1128.38,3.5553,,
60.829,1083,0.000923361,1128.75,1128.36,3.5562,,
60.846,1114,0.000897666,1128.73,1128.34,3.55709,,
60.863,1053,0.000949668,1128.71,1128.32,3.55799,,
60.88,1028,0.000972763,1128.69,1128.3,3.55889,,
60.897,1035,0.000966184,1128.67,1128.28,3.55979,,
60.914,1081,0.000925069,1128.65,1128.26,3.56069,,
60.931,1083,0.000923361,1128.63,1128.24,3.56159,,
60.948,1035,0.000966184,1128.61,1128.22,3.56249,,
60.965,1053,0.000949668,1128.59,1128.2,3.56338,,
60.982,1008,0.000992063,1128.57,1128.18,3.56428,,
60.999,1040,0.000961538,1128.55,1128.15,3.56518,,
61.016,1050,0.000952381,1128.53,1128.13,3.56608,,
61.033,1089,0.000918274,1128.51,1128.11,3.56698,,
61.05,1090,0.000917431,1128.49,1128.09,3.56787,,
61.067,1075,0.000930233,1128.47,1128.07,3.56877,,
61.084,1092,0.000915751,1128.45,1128.05,3.56967,,
61.101,1102,0.000907441,1128.43,1128.03,3.57057,,
61.118,1023,0.000977517,1128.41,1128.01,3.57146,,
61.135,1035,0.000966184,1128.39,1127.99,3.57236,,
61.152,1179,0.000848176,1128.37,1127.97,3.57326,,
61.169,1123,0.000890472,1128.35,1127.95,3.57415,,
61.186,1174,0.000851789,1128.33,1127.92,3.57505,,
61.203,1032,0.000968992,1128.31,1127.9,3.57595,,
61.22,1060,0.000943396,1128.29,1127.88,3.57685,,
61.237,1143,0.000874891,1128.27,1127.86,3.57774,,
61.254,1100,0.000909091,1128.25,1127.84,3.57864,,
61.271,1100,0.000909091,1128.23,1127.82,3.57954,,
61.288,1073,0.000931966,1128.21,1127.8,3.58043,,
61.305,1065,0.000938967,1128.19,1127.78,3.58133,,
61.322,1088,0.000919118,1128.17,1127.76,3.58223,,
61.339,1073,0.000931966,1128.15,1127.73,3.58312,,
61.356,1090,0.000917431,1128.13,1127.71,3.58402,,
61.373,1079,0.000926784,1128.1,1127.69,3.58491,,
61.39,1052,0.00095057,1128.08,1127.67,3.58581,,
61.407,1065,0.000938967,1128.06,1127.65,3.58671,,
61.424,1098,0.000910747,1128.04,1127.63,3.5876,,
61.441,1116,0.000896057,1128.02,1127.61,3.5885,,
61.458,1061,0.000942507,1128,1127.59,3.58939,,
61.475,1068,0.00093633,1127.98,1127.57,3.59029,,
61.492,1084,0.000922509,1127.96,1127.54,3.59119,,
61.509,1089,0.000918274,1127.94,1127.52,3.59208,,
61.526,1036,0.000965251,1127.92,1127.5,3.59298,,
61.543,1077,0.000928505,1127.9,1127.48,3.59387,,
61.56,1091,0.00091659,1127.88,1127.46,3.59477,,
61.577,1121,0.000892061,1127.86,1127.44,3.59566,,
61.594,1100,0.000909091,1127.84,1127.42,3.59656,,
61.611,1062,0.00094162,1127.82,1127.4,3.59745,,
61.628,1039,0.000962464,1127.8,1127.37,3.59835,,
61.645,1038,0.000963391,1127.78,1127.35,3.59924,,
61.662,1098,0.000910747,1127.76,1127.33,3.60014,,
61.679,1095,0.000913242,1127.74,1127.31,3.60103,,
61.696,1106,0.000904159,1127.72,1127.29,3.60193,,
61.713,1091,0.00091659,1127.7,1127.27,3.60282,,
61.73,1073,0.000931966,1127.68,1127.25,3.60372,,
61.747,1070,0.000934579,1127.66,1127.23,3.60461,,
61.764,1103,0.000906618,1127.64,1127.2,3.60551,,
61.781,1109,0.000901713,1127.62,1127.18,3.6064,,
61.798,1077,0.000928505,1127.6,1127.16,3.60729,,
61.815,1070,0.000934579,1127.58,1127.14,3.60819,,
61.832,1105,0.000904977,1127.56,1127.12,3.60908,,
61.849,1117,0.000895255,1127.54,1127.1,3.60998,,
61.866,1093,0.000914913,1127.52,1127.08,3.61087,,
61.883,1113,0.000898473,1127.5,1127.05,3.61176,,
61.9,1112,0.000899281,1127.48,1127.03,3.61266,,
61.917,1087,0.000919963,1127.46,1127.01,3.61355,,
61.934,1088,0.000919118,1127.44,1126.99,3.61445,,
61.951,1041,0.000960615,1127.42,1126.97,3.61534,,
61.968,1089,0.000918274,1127.4,1126.95,3.61623,,
61.985,1056,0.00094697,1127.38,1126.93,3.61713,,
62.002,1037,0.00096432,1127.36,1126.9,3.61802,,
62.019,1033,0.000968054,1127.34,1126.88,3.61891,,
62.036,1068,0.00093633,1127.32,1126.86,3.61981,,
62.053,1088,0.000919118,1127.3,1126.84,3.6207,,
62.07,1074,0.000931099,1127.28,1126.82,3.62159,,
62.087,1122,0.000891266,1127.26,1126.8,3.62248,,
62.104,1069,0.000935454,1127.24,1126.78,3.62338,,
62.121,1067,0.000937207,1127.22,1126.75,3.62427,,
62.138,1103,0.000906618,1127.2,1126.73,3.62516,,
62.155,1083,0.000923361,1127.18,1126.71,3.62606,,
62.172,1067,0.000937207,1127.16,1126.69,3.62695,,
62.189,1143,0.000874891,1127.14,1126.67,3.62784,,
62.206,1028,0.000972763,1127.12,1126.65,3.62873,,
62.223,1147,0.00087184,1127.1,1126.62,3.62963,,
62.24,1112,0.000899281,1127.08,1126.6,3.63052,,
62.257,1145,0.000873362,1127.06,1126.58,3.63141,,
62.274,1088,0.000919118,1127.04,1126.56,3.6323,,
62.291,1031,0.000969932,1127.02,1126.54,3.63319,,
62.308,1074,0.000931099,1127,1126.52,3.63409,,
62.325,1132,0.000883392,1126.98,1126.49,3.63498,,
62.342,1100,0.000909091,1126.96,1126.47,3.63587,,
62.359,1114,0.000897666,1126.94,1126.45,3.63676,,
62.376,1167,0.000856898,1126.92,1126.43,3.63765,,
62.393,1115,0.000896861,1126.9,1126.41,3.63854,,
62.41,1132,0.000883392,1126.88,1126.38,3.63943,,
62.427,1165,0.000858369,1126.86,1126.36,3.64033,,
62.444,1120,0.000892857,1126.84,1126.34,3.64122,,
62.461,1103,0.000906618,1126.82,1126.32,3.64211,,
62.478,1204,0.000830565,1126.81,1126.3,3.643,,
62.495,1139,0.000877963,1126.79,1126.28,3.64389,,
62.512,1256,0.000796178,1126.77,1126.25,3.64478,,
62.529,1258,0.000794913,1126.75,1126.23,3.64567,,
62.546,1243,0.000804505,1126.73,1126.21,3.64656,,
62.563,1209,0.00082713,1126.71,1126.19,3.64745,,
62.58,1265,0.000790514,1126.69,1126.17,3.64834,,
62.597,1287,0.000777001,1126.67,1126.14,3.64923,,
62.614,1352,0.000739645,1126.65,1126.12,3.65012,,
62.631,1359,0.000735835,1126.63,1126.1,3.65102,,
62.648,1421,0.00070373,1126.61,1126.08,3.65191,,
62.665,1465,0.000682594,1126.59,1126.06,3.6528,,
62.682,1524,0.000656168,1126.57,1126.03,3.65369,,
62.699,1611,0.000620732,1126.55,1126.01,3.65458,,
62.716,1648,0.000606796,1126.54,1125.99,3.65547,,
62.733,1679,0.000595593,1126.52,1125.97,3.65636,,
62.75,1727,0.000579039,1126.5,1125.95,3.65725,,
62.767,1735,0.000576369,1126.48,1125.92,3.65814,,
62.784,1678,0.000595948,1126.46,1125.9,3.65902,,
62.801,1646,0.000607533,1126.45,1125.88,3.65991,,
62.818,1648,0.000606796,1126.43,1125.86,3.6608,,
62.835,1637,0.000610874,1126.41,1125.84,3.66169,,
62.852,1555,0.000643087,1126.39,1125.81,3.66258,,
62.869,1514,0.000660502,1126.37,1125.79,3.66347,,
62.886,1504,0.000664894,1126.35,1125.77,3.66436,,
62.903,1459,0.000685401,1126.33,1125.75,3.66525,,
62.92,1448,0.000690608,1126.32,1125.73,3.66614,,
62.937,1416,0.000706215,1126.3,1125.7,3.66703,,
62.954,1398,0.000715308,1126.28,1125.68,3.66792,,
62.971,1394,0.00071736,1126.26,1125.66,3.66881,,
62.988,1328,0.000753012,1126.24,1125.64,3.66969,,
63.005,1275,0.000784314,1126.22,1125.62,3.67058,,
63.022,1221,0.000819001,1126.2,1125.59,3.67147,,
63.039,1216,0.000822368,1126.19,1125.57,3.67236,,
63.056,1241,0.000805802,1126.17,1125.55,3.67325,,
63.073,1199,0.000834028,1126.15,1125.53,3.67414,,
63.09,1184,0.000844595,1126.13,1125.5,3.67502,,
63.107,1251,0.000799361,1126.12,1125.48,3.67591,,
63.124,1194,0.000837521,1126.1,1125.46,3.6768,,
63.141,1135,0.000881057,1126.08,1125.44,3.67769,,
63.158,1216,0.000822368,1126.06,1125.42,3.67858,,
63.175,1064,0.00093985,1126.05,1125.39,3.67946,,
63.192,1143,0.000874891,1126.03,1125.37,3.68035,,
63.209,1103,0.000906618,1126.01,1125.35,3.68124,,
63.226,1123,0.000890472,1125.99,1125.33,3.68213,,
63.243,1114,0.000897666,1125.98,1125.3,3.68301,,
63.26,1128,0.000886525,1125.96,1125.28,3.6839,,
63.277,1121,0.000892061,1125.94,1125.26,3.68479,,
63.294,1101,0.000908265,1125.93,1125.24,3.68568,,
63.311,1118,0.000894454,1125.91,1125.21,3.68656,,
63.328,1144,0.000874126,1125.89,1125.19,3.68745,,
63.345,1063,0.000940734,1125.88,1125.17,3.68834,,
63.362,1110,0.000900901,1125.86,1125.15,3.68922,,
63.379,1106,0.000904159,1125.84,1125.13,3.69011,,
63.396,1152,0.000868056,1125.83,1125.1,3.691,,
63.413,1129,0.00088574,1125.81,1125.08,3.69188,,
63.43,1150,0.000869565,1125.79,1125.06,3.69277,,
63.447,1117,0.000895255,1125.78,1125.04,3.69366,,
63.464,1107,0.000903342,1125.76,1125.01,3.69454,,
63.481,1115,0.000896861,1125.75,1124.99,3.69543,,
63.498,1138,0.000878735,1125.73,1124.97,3.69632,,
63.515,1157,0.000864304,1125.71,1124.95,3.6972,,
63.532,1167,0.000856898,1125.7,1124.92,3.69809,,
63.549,1097,0.000911577,1125.68,1124.9,3.69897,,
63.566,1108,0.000902527,1125.67,1124.88,3.69986,,
63.583,1082,0.000924214,1125.65,1124.86,3.70075,,
63.6,1090,0.000917431,1125.64,1124.83,3.70163,,
63.617,1165,0.000858369,1125.62,1124.81,3.70252,,
63.634,1110,0.000900901,1125.61,1124.79,3.7034,,
63.651,1085,0.000921659,1125.6,1124.77,3.70429,,
63.668,1125,0.000888889,1125.58,1124.74,3.70517,,
63.685,1140,0.000877193,1125.57,1124.72,3.70606,,
63.702,1099,0.000909918,1125.55,1124.7,3.70694,,
63.719,1097,0.000911577,1125.54,1124.67,3.70783,,
63.736,1116,0.000896057,1125.53,1124.65,3.70871,,
63.753,1084,0.000922509,1125.51,1124.63,3.7096,,
63.77,1099,0.000909918,1125.5,1124.61,3.71048,,
63.787,1058,0.00094518,1125.49,1124.58,3.71137,,
63.804,1044,0.000957854,1125.48,1124.56,3.71225,,
63.821,1046,0.000956023,1125.46,1124.54,3.71314,,
63.838,1100,0.000909091,1125.45,1124.52,3.71402,,
63.855,1133,0.000882613,1125.44,1124.49,3.71491,,
63.872,1123,0.000890472,1125.43,1124.47,3.71579,,
63.889,1085,0.000921659,1125.42,1124.45,3.71668,,
63.906,1111,0.00090009,1125.41,1124.43,3.71756,,
63.923,1093,0.000914913,1125.4,1124.4,3.71844,,
63.94,1061,0.000942507,1125.39,1124.38,3.71933,,
63.957,1042,0.000959693,1125.38,1124.36,3.72021,,
63.974,1070,0.000934579,1125.37,1124.33,3.7211,,
63.991,1103,0.000906618,1125.36,1124.31,3.72198,,
64.008,1077,0.000928505,1125.35,1124.29,3.72286,,
64.025,1095,0.000913242,1125.34,1124.27,3.72375,,
64.042,1077,0.000928505,1125.33,1124.24,3.72463,,
64.059,1120,0.000892857,1125.33,1124.22,3.72551,,
64.076,1083,0.000923361,1125.32,1124.2,3.7264,,
64.093,1073,0.000931966,1125.31,1124.17,3.72728,,
64.11,1093,0.000914913,1125.31,1124.15,3.72816,,
64.127,1074,0.000931099,1125.3,1124.13,3.72905,,
64.144,1113,0.000898473,1125.3,1124.11,3.72993,,
64.161,1114,0.000897666,1125.29,1124.08,3.73081,,
64.178,1050,0.000952381,1125.29,1124.06,3.7317,,
64.195,1134,0.000881834,1125.29,1124.04,3.73258,,
64.212,1113,0.000898473,1125.28,1124.01,3.73346,,
64.229,1101,0.000908265,1125.28,1123.99,3.73435,,
64.246,1081,0.000925069,1125.28,1123.97,3.73523,,
64.263,1027,0.00097371,1125.28,1123.94,3.73611,,
64.28,1089,0.000918274,1125.28,1123.92,3.73699,,
64.297,1073,0.000931966,1125.28,1123.9,3.73788,,
64.314,1105,0.000904977,1125.29,1123.88,3.73876,,
64.331,1101,0.000908265,1125.29,1123.85,3.73964,,
64.348,1170,0.000854701,1125.29,1123.83,3.74052,,
64.365,1123,0.000890472,1125.3,1123.81,3.7414,,
64.382,1067,0.000937207,1125.3,1123.78,3.74229,,
64.399,1068,0.00093633,1125.31,1123.76,3.74317,,
64.416,1089,0.000918274,1125.32,1123.74,3.74405,,
64.433,1082,0.000924214,1125.33,1123.71,3.74493,,
64.45,1120,0.000892857,1125.34,1123.69,3.74581,,
64.467,1106,0.000904159,1125.35,1123.67,3.74669,,
64.484,1139,0.000877963,1125.37,1123.65,3.74758,,
64.501,1159,0.000862813,1125.38,1123.62,3.74846,,
64.518,1162,0.000860585,1125.4,1123.6,3.74934,,
64.535,1117,0.000895255,1125.42,1123.58,3.75022,,
64.552,1138,0.000878735,1125.44,1123.55,3.7511,,
64.569,1120,0.000892857,1125.46,1123.53,3.75198,,
64.586,1119,0.000893655,1125.49,1123.51,3.75286,,
64.603,1104,0.000905797,1125.52,1123.48,3.75374,,
64.62,1088,0.000919118,1125.54,1123.46,3.75462,,
64.637,1100,0.000909091,1125.58,1123.44,3.75551,,
64.654,1124,0.00088968,1125.61,1123.41,3.75639,,
64.671,1102,0.000907441,1125.65,1123.39,3.75727,,
64.688,1123,0.000890472,1125.69,1123.37,3.75815,,
64.705,1159,0.000862813,1125.73,1123.34,3.75903,,
64.722,1147,0.00087184,1125.78,1123.32,3.75991,,
64.739,1162,0.000860585,1125.83,1123.3,3.76079,,
64.756,1177,0.000849618,1125.89,1123.27,3.76167,,
64.773,1157,0.000864304,1125.95,1123.25,3.76255,,
64.79,1173,0.000852515,1126.01,1123.23,3.76343,,
64.807,1244,0.000803859,1126.08,1123.2,3.76431,,
64.824,1267,0.000789266,1126.16,1123.18,3.76519,,
64.841,1302,0.000768049,1126.24,1123.16,3.76607,,
64.858,1325,0.000754717,1126.33,1123.13,3.76695,,
64.875,1339,0.000746826,1126.42,1123.11,3.76783,,
64.892,1392,0.000718391,1126.53,1123.09,3.76871,,
64.909,1435,0.000696864,1126.64,1123.06,3.76959,,
64.926,1471,0.00067981,1126.76,1123.04,3.77047,,
64.943,1584,0.000631313,1126.89,1123.02,3.77134,,
64.96,1663,0.000601323,1127.03,1122.99,3.77222,,
64.977,1783,0.000560852,1127.18,1122.97,3.7731,,
64.994,1879,0.000532198,1127.35,1122.95,3.77398,,
65.011,1958,0.000510725,1127.54,1122.92,3.77486,,
65.028,1952,0.000512295,1127.75,1122.9,3.77574,,
65.045,1945,0.000514139,1127.99,1122.88,3.77662,,
65.062,2020,0.00049505,1128.26,1122.85,3.7775,,
65.079,1907,0.000524384,1128.57,1122.83,3.77838,,
65.096,1816,0.000550661,1128.95,1122.81,3.77925,,
65.113,1793,0.000557724,1129.4,1122.78,3.78013,,
65.13,1708,0.00058548,1129.96,1122.76,3.78101,,
65.147,1568,0.000637755,1130.66,1122.73,3.78189,,
65.164,1498,0.000667557,1131.56,1122.71,3.78277,,
65.181,1454,0.000687758,1132.72,1122.69,3.78364,,
65.198,1404,0.000712251,1134.22,1122.66,3.78452,,
65.215,1433,0.000697837,1136.18,1122.64,3.7854,,
65.232,1279,0.000781861,1138.73,1122.62,3.78628,,
65.249,1312,0.000762195,1142.02,1122.59,3.78716,,
65.266,1282,0.000780031,1146.24,1122.57,3.78803,,
65.283,1223,0.000817661,1151.59,1122.55,3.78891,,
65.3,1234,0.000810373,1158.3,1122.52,3.78979,,
65.317,1271,0.000786782,1166.6,1122.5,3.79067,,
65.334,1191,0.000839631,1176.72,1122.47,3.79154,,
65.351,1289,0.000775795,1188.88,1122.45,3.79242,,
65.368,1194,0.000837521,1203.25,1122.43,3.7933,,
65.385,1221,0.000819001,1219.94,1122.4,3.79418,,
65.402,1208,0.000827815,1239,1122.38,3.79505,,
65.419,1200,0.000833333,1260.38,1122.36,3.79593,,
65.436,1199,0.000834028,1283.92,1122.33,3.79681,,
65.453,1191,0.000839631,1309.31,1122.31,3.79768,,
65.47,1299,0.000769823,1336.17,1122.28,3.79856,,
65.487,1282,0.000780031,1363.94,1122.26,3.79944,,
65.504,1262,0.000792393,1391.96,1122.24,3.80031,,
65.521,1321,0.000757002,1419.47,1122.21,3.80119,,
65.538,1391,0.000718907,1445.61,1122.19,3.80206,,
65.555,1447,0.000691085,1469.52,1122.17,3.80294,,
65.572,1450,0.000689655,1490.32,1122.14,3.80382,,
65.589,1519,0.000658328,1507.26,1122.12,3.80469,,
65.606,1574,0.000635324,1519.75,1122.09,3.80557,,
65.623,1568,0.000637755,1527.47,1122.07,3.80645,,
65.64,1514,0.000660502,1530.34,1122.05,3.80732,,
65.657,1540,0.000649351,1528.55,1122.02,3.8082,,
65.674,1515,0.000660066,1522.43,1122,3.80907,,
65.691,1486,0.000672948,1512.38,1121.97,3.80995,,
65.708,1503,0.000665336,1498.87,1121.95,3.81082,,
65.725,1435,0.000696864,1482.33,1121.93,3.8117,,
65.742,1394,0.00071736,1463.21,1121.9,3.81257,,
65.759,1460,0.000684932,1441.96,1121.88,3.81345,,
65.776,1451,0.00068918,1419.07,1121.86,3.81432,,
65.793,1402,0.000713267,1395.05,1121.83,3.8152,,
65.81,1389,0.000719942,1370.45,1121.81,3.81607,,
65.827,1377,0.000726216,1345.8,1121.78,3.81695,,
65.844,1290,0.000775194,1321.61,1121.76,3.81782,,
65.861,1301,0.00076864,1298.31,1121.74,3.8187,,
65.878,1337,0.000747943,1276.24,1121.71,3.81957,,
65.895,1250,0.0008,1255.68,1121.69,3.82045,,
65.912,1216,0.000822368,1236.81,1121.66,3.82132,,
65.929,1254,0.000797448,1219.75,1121.64,3.8222,,
65.946,1192,0.000838926,1204.53,1121.61,3.82307,,
65.963,1221,0.000819001,1191.15,1121.59,3.82395,,
65.98,1186,0.00084317,1179.55,1121.57,3.82482,,
65.997,1150,0.000869565,1169.61,1121.54,3.82569,,
66.014,1130,0.000884956,1161.22,1121.52,3.82657,,
66.031,1129,0.00088574,1154.22,1121.49,3.82744,,
66.048,1109,0.000901713,1148.46,1121.47,3.82832,,
66.065,1095,0.000913242,1143.77,1121.45,3.82919,,
66.082,1096,0.000912409,1139.99,1121.42,3.83006,,
66.099,1135,0.000881057,1136.97,1121.4,3.83094,,
66.116,1107,0.000903342,1134.58,1121.37,3.83181,,
66.133,1120,0.000892857,1132.7,1121.35,3.83268,,
66.15,1086,0.00092081,1131.22,1121.32,3.83356,,
66.167,1114,0.000897666,1130.05,1121.3,3.83443,,
66.184,1100,0.000909091,1129.13,1121.28,3.8353,,
66.201,1120,0.000892857,1128.39,1121.25,3.83618,,
66.218,1133,0.000882613,1127.8,1121.23,3.83705,,
66.235,1091,0.00091659,1127.31,1121.2,3.83792,,
66.252,1178,0.000848896,1126.91,1121.18,3.83879,,
66.269,1102,0.000907441,1126.56,1121.16,3.83967,,
66.286,1077,0.000928505,1126.26,1121.13,3.84054,,
66.303,1085,0.000921659,1125.99,1121.11,3.84141,,
66.32,1138,0.000878735,1125.75,1121.08,3.84228,,
66.337,1087,0.000919963,1125.53,1121.06,3.84316,,
66.354,1111,0.00090009,1125.33,1121.03,3.84403,,
66.371,1094,0.000914077,1125.15,1121.01,3.8449,,
66.388,1095,0.000913242,1124.98,1120.98,3.84577,,
66.405,1091,0.00091659,1124.82,1120.96,3.84665,,
66.422,1131,0.000884173,1124.66,1120.94,3.84752,,
66.439,1090,0.000917431,1124.52,1120.91,3.84839,,
66.456,1099,0.000909918,1124.38,1120.89,3.84926,,
66.473,1079,0.000926784,1124.26,1120.86,3.85013,,
66.49,1053,0.000949668,1124.13,1120.84,3.851,,
66.507,1059,0.000944287,1124.02,1120.81,3.85188,,
66.524,1101,0.000908265,1123.91,1120.79,3.85275,,
66.541,1096,0.000912409,1123.8,1120.76,3.85362,,
66.558,1097,0.000911577,1123.7,1120.74,3.85449,,
66.575,1095,0.000913242,1123.61,1120.72,3.85536,,
66.592,1089,0.000918274,1123.52,1120.69,3.85623,,
66.609,1080,0.000925926,1123.43,1120.67,3.8571,,
66.626,1066,0.000938086,1123.35,1120.64,3.85797,,
66.643,1080,0.000925926,1123.27,1120.62,3.85884,,
66.66,1117,0.000895255,1123.19,1120.59,3.85972,,
66.677,1121,0.000892061,1123.12,1120.57,3.86059,,
66.694,1096,0.000912409,1123.04,1120.54,3.86146,,
66.711,1099,0.000909918,1122.97,1120.52,3.86233,,
66.728,1086,0.00092081,1122.91,1120.5,3.8632,,
66.745,1080,0.000925926,1122.84,1120.47,3.86407,,
66.762,1112,0.000899281,1122.78,1120.45,3.86494,,
66.779,1125,0.000888889,1122.72,1120.42,3.86581,,
66.796,1063,0.000940734,1122.66,1120.4,3.86668,,
66.813,1019,0.000981354,1122.61,1120.37,3.86755,,
66.83,1056,0.00094697,1122.55,1120.35,3.86842,,
66.847,1085,0.000921659,1122.5,1120.32,3.86929,,
66.864,1089,0.000918274,1122.45,1120.3,3.87016,,
66.881,1065,0.000938967,1122.4,1120.27,3.87103,,
66.898,1096,0.000912409,1122.35,1120.25,3.8719,,
66.915,1079,0.000926784,1122.3,1120.22,3.87277,,
66.932,1093,0.000914913,1122.26,1120.2,3.87364,,
66.949,1061,0.000942507,1122.21,1120.17,3.87451,,
66.966,1044,0.000957854,1122.17,1120.15,3.87537,,
66.983,1110,0.000900901,1122.13,1120.12,3.87624,,
67,1119,0.000893655,1122.09,1120.1,3.87711,,
67.017,1154,0.000866551,1122.05,1120.08,3.87798,,
67.034,1137,0.000879507,1122.01,1120.05,3.87885,,
67.051,1062,0.00094162,1121.97,1120.03,3.87972,,
67.068,1082,0.000924214,1121.93,1120,3.88059,,
67.085,1098,0.000910747,1121.9,1119.98,3.88146,,
67.102,1061,0.000942507,1121.86,1119.95,3.88233,,
67.119,1149,0.000870322,1121.82,1119.93,3.88319,,
67.136,1094,0.000914077,1121.79,1119.9,3.88406,,
67.153,1122,0.000891266,1121.76,1119.88,3.88493,,
67.17,1068,0.00093633,1121.72,1119.85,3.8858,,
67.187,1109,0.000901713,1121.69,1119.83,3.88667,,
67.204,1073,0.000931966,1121.66,1119.8,3.88753,,
67.221,1098,0.000910747,1121.63,1119.78,3.8884,,
67.238,1103,0.000906618,1121.6,1119.75,3.88927,,
67.255,1101,0.000908265,1121.57,1119.73,3.89014,,
67.272,1058,0.00094518,1121.54,1119.7,3.89101,,
67.289,1117,0.000895255,1121.51,1119.68,3.89187,,
67.306,1129,0.00088574,1121.49,1119.65,3.89274,,
67.323,1108,0.000902527,1121.46,1119.63,3.89361,,
67.34,1099,0.000909918,1121.43,1119.6,3.89448,,
67.357,1120,0.000892857,1121.41,1119.58,3.89534,,
67.374,1125,0.000888889,1121.38,1119.55,3.89621,,
67.391,1087,0.000919963,1121.36,1119.53,3.89708,,
67.408,1060,0.000943396,1121.33,1119.5,3.89794,,
67.425,1050,0.000952381,1121.31,1119.48,3.89881,,
67.442,1089,0.000918274,1121.29,1119.45,3.89968,,
67.459,1154,0.000866551,1121.26,1119.43,3.90054,,
67.476,1162,0.000860585,1121.24,1119.4,3.90141,,
67.493,1104,0.000905797,1121.22,1119.38,3.90228,,
67.51,1085,0.000921659,1121.2,1119.35,3.90314,,
67.527,1090,0.000917431,1121.18,1119.33,3.90401,,
67.544,1105,0.000904977,1121.16,1119.3,3.90488,,
67.561,1109,0.000901713,1121.14,1119.28,3.90574,,
67.578,1097,0.000911577,1121.12,1119.25,3.90661,,
67.595,1091,0.00091659,1121.1,1119.23,3.90748,,
67.612,1105,0.000904977,1121.08,1119.2,3.90834,,
67.629,1085,0.000921659,1121.06,1119.18,3.90921,,
67.646,1051,0.000951475,1121.04,1119.15,3.91007,,
67.663,1055,0.000947867,1121.03,1119.13,3.91094,,
67.68,1060,0.000943396,1121.01,1119.1,3.9118,,
67.697,1076,0.000929368,1120.99,1119.08,3.91267,,
67.714,1095,0.000913242,1120.98,1119.05,3.91354,,
67.731,1098,0.000910747,1120.96,1119.02,3.9144,,
67.748,1078,0.000927644,1120.95,1119,3.91527,,
67.765,1075,0.000930233,1120.93,1118.97,3.91613,,
67.782,1086,0.00092081,1120.92,1118.95,3.917,,
67.799,1055,0.000947867,1120.91,1118.92,3.91786,,
67.816,1086,0.00092081,1120.89,1118.9,3.91873,,
67.833,1108,0.000902527,1120.88,1118.87,3.91959,,
67.85,1122,0.000891266,1120.87,1118.85,3.92046,,
67.867,1088,0.000919118,1120.86,1118.82,3.92132,,
67.884,1137,0.000879507,1120.84,1118.8,3.92219,,
67.901,1128,0.000886525,1120.83,1118.77,3.92305,,
67.918,1038,0.000963391,1120.82,1118.75,3.92391,,
67.935,1077,0.000928505,1120.82,1118.72,3.92478,,
67.952,1139,0.000877963,1120.81,1118.7,3.92564,,
67.969,1069,0.000935454,1120.8,1118.67,3.92651,,
67.986,1051,0.000951475,1120.79,1118.64,3.92737,,
68.003,1079,0.000926784,1120.78,1118.62,3.92823,,
68.02,1122,0.000891266,1120.78,1118.59,3.9291,,
68.037,1145,0.000873362,1120.77,1118.57,3.92996,,
68.054,1078,0.000927644,1120.76,1118.54,3.93083,,
68.071,1074,0.000931099,1120.76,1118.52,3.93169,,
68.088,1119,0.000893655,1120.76,1118.49,3.93255,,
68.105,1101,0.000908265,1120.75,1118.47,3.93342,,
68.122,1118,0.000894454,1120.75,1118.44,3.93428,,
68.139,1085,0.000921659,1120.75,1118.42,3.93514,,
68.156,1143,0.000874891,1120.75,1118.39,3.93601,,
68.173,1134,0.000881834,1120.75,1118.36,3.93687,,
68.19,1151,0.00086881,1120.75,1118.34,3.93773,,
68.207,1075,0.000930233,1120.75,1118.31,3.9386,,
68.224,1094,0.000914077,1120.75,1118.29,3.93946,,
68.241,1087,0.000919963,1120.75,1118.26,3.94032,,
68.258,1103,0.000906618,1120.75,1118.24,3.94118,,
68.275,1143,0.000874891,1120.76,1118.21,3.94205,,
68.292,1078,0.000927644,1120.76,1118.19,3.94291,,
68.309,1141,0.000876424,1120.77,1118.16,3.94377,,
68.326,1100,0.000909091,1120.76,1118.13,3.94463,,
68.343,1077,0.000928505,1120.76,1118.11,3.9455,,
68.36,1087,0.000919963,1120.77,1118.08,3.94636,,
68.377,1100,0.000909091,1120.78,1118.06,3.94722,,
68.394,1108,0.000902527,1120.79,1118.03,3.94808,,
68.411,1124,0.00088968,1120.8,1118.01,3.94894,,
68.428,1080,0.000925926,1120.82,1117.98,3.94981,,
68.445,1106,0.000904159,1120.82,1117.95,3.95067,,
68.462,1123,0.000890472,1120.84,1117.93,3.95153,,
68.479,1101,0.000908265,1120.85,1117.9,3.95239,,
68.496,1115,0.000896861,1120.87,1117.88,3.95325,,
68.513,1103,0.000906618,1120.89,1117.85,3.95411,,
68.53,1127,0.000887311,1120.91,1117.83,3.95498,,
68.547,1167,0.000856898,1120.94,1117.8,3.95584,,
68.564,1139,0.000877963,1120.96,1117.77,3.9567,,
68.581,1113,0.000898473,1120.99,1117.75,3.95756,,
68.598,1158,0.000863558,1121.01,1117.72,3.95842,,
68.615,1135,0.000881057,1121.04,1117.7,3.95928,,
68.632,1138,0.000878735,1121.07,1117.67,3.96014,,
68.649,1161,0.000861326,1121.1,1117.65,3.961,,
68.666,1142,0.000875657,1121.14,1117.62,3.96186,,
68.683,1128,0.000886525,1121.18,1117.59,3.96272,,
68.7,1136,0.000880282,1121.21,1117.57,3.96358,,
68.717,1157,0.000864304,1121.25,1117.54,3.96444,,
68.734,1121,0.000892061,1121.3,1117.52,3.9653,,
68.751,1167,0.000856898,1121.34,1117.49,3.96616,,
68.768,1194,0.000837521,1121.39,1117.46,3.96702,,
68.785,1200,0.000833333,1121.44,1117.44,3.96788,,
68.802,1217,0.000821693,1121.5,1117.41,3.96874,,
68.819,1238,0.000807754,1121.55,1117.39,3.9696,,
68.836,1228,0.000814332,1121.61,1117.36,3.97046,,
68.853,1257,0.000795545,1121.67,1117.33,3.97132,,
68.87,1312,0.000762195,1121.74,1117.31,3.97218,,
68.887,1368,0.000730994,1121.81,1117.28,3.97304,,
68.904,1349,0.00074129,1121.88,1117.26,3.9739,,
68.921,1424,0.000702247,1121.96,1117.23,3.97476,,
68.938,1528,0.00065445,1122.04,1117.2,3.97562,,
68.955,1574,0.000635324,1122.13,1117.18,3.97648,,
68.972,1618,0.000618047,1122.22,1117.15,3.97734,,
68.989,1618,0.000618047,1122.31,1117.13,3.9782,,
69.006,1750,0.000571429,1122.41,1117.1,3.97906,,
69.023,1726,0.000579374,1122.52,1117.07,3.97991,,
69.04,1798,0.000556174,1122.63,1117.05,3.98077,,
69.057,1787,0.000559597,1122.74,1117.02,3.98163,,
69.074,1836,0.000544662,1122.87,1117,3.98249,,
69.091,1850,0.000540541,1123,1116.97,3.98335,,
69.108,1817,0.000550358,1123.13,1116.94,3.98421,,
69.125,1825,0.000547945,1123.28,1116.92,3.98507,,
69.142,1718,0.000582072,1123.43,1116.89,3.98592,,
69.159,1730,0.000578035,1123.59,1116.86,3.98678,,
69.176,1726,0.000579374,1123.76,1116.84,3.98764,,
69.193,1585,0.000630915,1123.94,1116.81,3.9885,,
69.21,1568,0.000637755,1124.13,1116.79,3.98936,,
69.227,1547,0.000646412,1124.33,1116.76,3.99021,,
69.244,1489,0.000671592,1124.54,1116.73,3.99107,,
69.261,1477,0.000677048,1124.77,1116.71,3.99193,,
69.278,1478,0.00067659,1125.01,1116.68,3.99279,,
69.295,1370,0.000729927,1125.26,1116.65,3.99364,,
69.312,1318,0.000758725,1125.53,1116.63,3.9945,,
69.329,1342,0.000745156,1125.81,1116.6,3.99536,,
69.346,1339,0.000746826,1126.12,1116.58,3.99621,,
69.363,1255,0.000796813,1126.44,1116.55,3.99707,,
69.38,1278,0.000782473,1126.79,1116.52,3.99793,,
69.397,1252,0.000798722,1127.16,1116.5,3.99879,,
69.414,1198,0.000834725,1127.55,1116.47,3.99964,,
69.431,1221,0.000819001,1127.97,1116.44,4.0005,,
69.448,1241,0.000805802,1128.42,1116.42,4.00136,,
69.465,1175,0.000851064,1128.91,1116.39,4.00221,,
69.482,1178,0.000848896,1129.44,1116.37,4.00307,,
69.499,1171,0.000853971,1130.02,1116.34,4.00392,,
69.516,1159,0.000862813,1130.65,1116.31,4.00478,,
69.533,1172,0.000853242,1131.35,1116.29,4.00564,,
69.55,1189,0.000841043,1132.14,1116.26,4.00649,,
69.567,1193,0.000838223,1133.03,1116.23,4.00735,,
69.584,1225,0.000816327,1134.07,1116.21,4.0082,,
69.601,1193,0.000838223,1135.29,1116.18,4.00906,,
69.618,1197,0.000835422,1136.75,1116.15,4.00992,,
69.635,1227,0.000814996,1138.53,1116.13,4.01077,,
69.652,1217,0.000821693,1140.74,1116.1,4.01163,,
69.669,1160,0.000862069,1143.5,1116.07,4.01248,,
69.686,1168,0.000856164,1147,1116.05,4.01334,,
69.703,1232,0.000811688,1151.44,1116.02,4.01419,,
69.72,1210,0.000826446,1157.09,1115.99,4.01505,,
69.737,1233,0.00081103,1164.27,1115.97,4.0159,,
69.754,1197,0.000835422,1173.37,1115.94,4.01676,,
69.771,1234,0.000810373,1184.82,1115.91,4.01761,,
69.788,1303,0.00076746,1199.1,1115.89,4.01847,,
69.805,1324,0.000755287,1216.75,1115.86,4.01932,,
69.822,1289,0.000775795,1238.34,1115.84,4.02018,,
69.839,1323,0.000755858,1264.43,1115.81,4.02103,,
69.856,1299,0.000769823,1295.57,1115.78,4.02189,,
69.873,1383,0.000723066,1332.24,1115.76,4.02274,,
69.89,1396,0.000716332,1374.83,1115.73,4.02359,,
69.907,1466,0.000682128,1423.6,1115.7,4.02445,,
69.924,1490,0.000671141,1478.62,1115.68,4.0253,,
69.941,1521,0.000657462,1539.76,1115.65,4.02616,,
69.958,1598,0.000625782,1606.62,1115.62,4.02701,,
69.975,1579,0.000633312,1678.51,1115.6,4.02786,,
69.992,1690,0.000591716,1754.53,1115.57,4.02872,,
70.009,1769,0.000565291,1833.4,1115.54,4.02957,,
70.026,1845,0.000542005,1913.65,1115.51,4.03043,,
70.043,2015,0.000496278,1993.5,1115.49,4.03128,,
70.06,2087,0.000479157,2070.98,1115.46,4.03213,,
70.077,2166,0.000461681,2144,1115.43,4.03299,,
70.094,2253,0.000443853,2210.4,1115.41,4.03384,,
70.111,2350,0.000425532,2268.16,1115.38,4.03469,,
70.128,2351,0.000425351,2315.46,1115.35,4.03555,,
70.145,2323,0.000430478,2350.99,1115.33,4.0364,,
70.162,2506,0.000399042,2373.95,1115.3,4.03725,,
70.179,2641,0.000378644,2384.16,1115.27,4.0381,,
70.196,2586,0.000386698,2381.96,1115.25,4.03896,,
70.213,2489,0.000401768,2368.07,1115.22,4.03981,,
70.23,2406,0.000415628,2343.5,1115.19,4.04066,,
70.247,2445,0.000408998,2309.27,1115.17,4.04151,,
70.264,2383,0.000419639,2266.54,1115.14,4.04237,,
70.281,2330,0.000429185,2216.32,1115.11,4.04322,,
70.298,2313,0.000432339,2159.71,1115.09,4.04407,,
70.315,2297,0.00043535,2097.85,1115.06,4.04492,,
70.332,2233,0.000447828,2031.88,1115.03,4.04577,,
70.349,2093,0.000477783,1963.11,1115,4.04663,,
70.366,2073,0.000482393,1892.81,1114.98,4.04748,,
70.383,1982,0.000504541,1822.3,1114.95,4.04833,,
70.4,1856,0.000538793,1752.81,1114.92,4.04918,,
70.417,1807,0.000553403,1685.41,1114.9,4.05003,,
70.434,1766,0.000566251,1621,1114.87,4.05088,,
70.451,1658,0.000603136,1560.3,1114.84,4.05174,,
70.468,1605,0.000623053,1503.86,1114.82,4.05259,,
70.485,1527,0.000654879,1452.02,1114.79,4.05344,,
70.502,1466,0.000682128,1404.99,1114.76,4.05429,,
70.519,1454,0.000687758,1362.83,1114.73,4.05514,,
70.536,1434,0.00069735,1325.47,1114.71,4.05599,,
70.553,1391,0.000718907,1292.77,1114.68,4.05684,,
70.57,1338,0.000747384,1264.45,1114.65,4.05769,,
70.587,1342,0.000745156,1240.21,1114.63,4.05854,,
70.604,1329,0.000752445,1219.69,1114.6,4.05939,,
70.621,1254,0.000797448,1202.49,1114.57,4.06024,,
70.638,1181,0.00084674,1188.24,1114.54,4.06109,,
70.655,1195,0.00083682,1176.53,1114.52,4.06195,,
70.672,1199,0.000834028,1167,1114.49,4.0628,,
70.689,1191,0.000839631,1159.3,1114.46,4.06365,,
70.706,1213,0.000824402,1153.11,1114.44,4.0645,,
70.723,1192,0.000838926,1148.16,1114.41,4.06535,,
70.74,1200,0.000833333,1144.21,1114.38,4.0662,,
70.757,1202,0.000831947,1141.06,1114.35,4.06704,,
70.774,1217,0.000821693,1138.53,1114.33,4.06789,,
70.791,1203,0.000831255,1136.49,1114.3,4.06874,,
70.808,1173,0.000852515,1134.84,1114.27,4.06959,,
70.825,1155,0.000865801,1133.47,1114.25,4.07044,,
70.842,1123,0.000890472,1132.32,1114.22,4.07129,,
70.859,1114,0.000897666,1131.35,1114.19,4.07214,,
70.876,1119,0.000893655,1130.52,1114.16,4.07299,,
70.893,1154,0.000866551,1129.78,1114.14,4.07384,,
70.91,1174,0.000851789,1129.13,1114.11,4.07469,,
70.927,1146,0.0008726,1128.55,1114.08,4.07554,,
70.944,1129,0.00088574,1128.02,1114.05,4.07639,,
70.961,1105,0.000904977,1127.53,1114.03,4.07723,,
70.978,1106,0.000904159,1127.08,1114,4.07808,,
70.995,1085,0.000921659,1126.67,1113.97,4.07893,,
71.012,1170,0.000854701,1126.29,1113.95,4.07978,,
71.029,1069,0.000935454,1125.93,1113.92,4.08063,,
71.046,1141,0.000876424,1125.6,1113.89,4.08148,,
71.063,1106,0.000904159,1125.29,1113.86,4.08232,,
71.08,1115,0.000896861,1125,1113.84,4.08317,,
71.097,1138,0.000878735,1124.73,1113.81,4.08402,,
71.114,1143,0.000874891,1124.48,1113.78,4.08487,,
71.131,1119,0.000893655,1124.24,1113.75,4.08572,,
71.148,1105,0.000904977,1124.03,1113.73,4.08656,,
71.165,1142,0.000875657,1123.82,1113.7,4.08741,,
71.182,1125,0.000888889,1123.63,1113.67,4.08826,,
71.199,1096,0.000912409,1123.46,1113.64,4.08911,,
71.216,1095,0.000913242,1123.29,1113.62,4.08995,,
71.233,1073,0.000931966,1123.14,1113.59,4.0908,,
71.25,1088,0.000919118,1123,1113.56,4.09165,,
71.267,1090,0.000917431,1122.87,1113.53,4.09249,,
71.284,1043,0.000958773,1122.75,1113.51,4.09334,,
71.301,1049,0.000953289,1122.65,1113.48,4.09419,,
71.318,1111,0.00090009,1122.55,1113.45,4.09504,,
71.335,1084,0.000922509,1122.46,1113.42,4.09588,,
71.352,1071,0.000933707,1122.38,1113.4,4.09673,,
71.369,1093,0.000914913,1122.31,1113.37,4.09758,,
71.386,1064,0.00093985,1122.25,1113.34,4.09842,,
71.403,1072,0.000932836,1122.2,1113.31,4.09927,,
71.42,1096,0.000912409,1122.16,1113.28,4.10011,,
71.437,1073,0.000931966,1122.12,1113.26,4.10096,,
71.454,1101,0.000908265,1122.1,1113.23,4.10181,,
71.471,1107,0.000903342,1122.08,1113.2,4.10265,,
71.488,1108,0.000902527,1122.07,1113.17,4.1035,,
71.505,1132,0.000883392,1122.07,1113.15,4.10434,,
71.522,1085,0.000921659,1122.08,1113.12,4.10519,,
71.539,1076,0.000929368,1122.1,1113.09,4.10604,,
71.556,1089,0.000918274,1122.12,1113.06,4.10688,,
71.573,1125,0.000888889,1122.16,1113.04,4.10773,,
71.59,1091,0.00091659,1122.2,1113.01,4.10857,,
71.607,1062,0.00094162,1122.26,1112.98,4.10942,,
71.624,1131,0.000884173,1122.32,1112.95,4.11026,,
71.641,1147,0.00087184,1122.39,1112.92,4.11111,,
71.658,1119,0.000893655,1122.47,1112.9,4.11195,,
71.675,1074,0.000931099,1122.57,1112.87,4.1128,,
71.692,1100,0.000909091,1122.67,1112.84,4.11364,,
71.709,1083,0.000923361,1122.79,1112.81,4.11449,,
71.726,1067,0.000937207,1122.91,1112.78,4.11533,,
71.743,1114,0.000897666,1123.05,1112.76,4.11618,,
71.76,1082,0.000924214,1123.2,1112.73,4.11702,,
71.777,1043,0.000958773,1123.37,1112.7,4.11786,,
71.794,1089,0.000918274,1123.55,1112.67,4.11871,,
71.811,1100,0.000909091,1123.74,1112.65,4.11955,,
71.828,1090,0.000917431,1123.95,1112.62,4.1204,,
71.845,1077,0.000928505,1124.18,1112.59,4.12124,,
71.862,1070,0.000934579,1124.42,1112.56,4.12208,,
71.879,1078,0.000927644,1124.68,1112.53,4.12293,,
71.896,1091,0.00091659,1124.96,1112.51,4.12377,,
71.913,1067,0.000937207,1125.27,1112.48,4.12462,,
71.93,1070,0.000934579,1125.59,1112.45,4.12546,,
71.947,1126,0.000888099,1125.94,1112.42,4.1263,,
71.964,1105,0.000904977,1126.32,1112.39,4.12715,,
71.981,1099,0.000909918,1126.72,1112.37,4.12799,,
71.998,1102,0.000907441,1127.16,1112.34,4.12883,,
72.015,1139,0.000877963,1127.63,1112.31,4.12967,,
72.032,1128,0.000886525,1128.14,1112.28,4.13052,,
72.049,1104,0.000905797,1128.69,1112.25,4.13136,,
72.066,1100,0.000909091,1129.3,1112.23,4.1322,,
72.083,1072,0.000932836,1129.96,1112.2,4.13305,,
72.1,1001,0.000999001,1130.69,1112.17,4.13389,,
72.117,1092,0.000915751,1131.51,1112.14,4.13473,,
72.134,1068,0.00093633,1132.44,1112.11,4.13557,,
72.151,1099,0.000909918,1133.5,1112.09,4.13642,,
72.168,1061,0.000942507,1134.73,1112.06,4.13726,,
72.185,1150,0.000869565,1136.2,1112.03,4.1381,,
72.202,1188,0.000841751,1137.95,1112,4.13894,,
72.219,1141,0.000876424,1140.1,1111.97,4.13978,,
72.236,1124,0.00088968,1142.74,1111.94,4.14063,,
72.253,1112,0.000899281,1146.04,1111.92,4.14147,,
72.27,1147,0.00087184,1150.18,1111.89,4.14231,,
72.287,1185,0.000843882,1155.4,1111.86,4.14315,,
72.304,1177,0.000849618,1161.98,1111.83,4.14399,,
72.321,1186,0.00084317,1170.26,1111.8,4.14483,,
72.338,1187,0.00084246,1180.64,1111.78,4.14568,,
72.355,1145,0.000873362,1193.58,1111.75,4.14652,,
72.372,1145,0.000873362,1209.58,1111.72,4.14736,,
72.389,1219,0.000820345,1229.2,1111.69,4.1482,,
72.406,1239,0.000807103,1253.04,1111.66,4.14904,,
72.423,1226,0.000815661,1281.66,1111.63,4.14988,,
72.44,1210,0.000826446,1315.68,1111.61,4.15072,,
72.457,1236,0.000809061,1355.59,1111.58,4.15156,,
72.474,1276,0.000783699,1401.87,1111.55,4.1524,,
72.491,1260,0.000793651,1454.84,1111.52,4.15324,,
72.508,1250,0.0008,1514.63,1111.49,4.15408,,
72.525,1322,0.00075643,1581.24,1111.46,4.15492,,
72.542,1349,0.00074129,1654.35,1111.44,4.15576,,
72.559,1357,0.00073692,1733.47,1111.41,4.1566,,
72.576,1438,0.00069541,1817.77,1111.38,4.15744,,
72.593,1468,0.000681199,1906.12,1111.35,4.15828,,
72.61,1536,0.000651042,1997.19,1111.32,4.15912,,
72.627,1622,0.000616523,2089.28,1111.29,4.15996,,
72.644,1772,0.000564334,2180.54,1111.26,4.1608,,
72.661,1851,0.000540249,2268.87,1111.24,4.16164,,
72.678,2010,0.000497512,2352.03,1111.21,4.16248,,
72.695,2268,0.000440917,2427.83,1111.18,4.16332,,
72.712,2423,0.000412712,2494.11,1111.15,4.16416,,
72.729,2533,0.000394789,2549,1111.12,4.165,,
72.746,2714,0.00036846,2591.1,1111.09,4.16584,,
72.763,2848,0.000351124,2619.5,1111.07,4.16668,,
72.78,3001,0.000333222,2633.94,1111.04,4.16752,,
72.797,3012,0.000332005,2634.69,1111.01,4.16836,,
72.814,2907,0.000343997,2622.4,1110.98,4.1692,,
72.831,2865,0.00034904,2598.07,1110.95,4.17003,,
72.848,2746,0.000364166,2562.8,1110.92,4.17087,,
72.865,2711,0.000368868,2517.71,1110.89,4.17171,,
72.882,2634,0.000379651,2463.96,1110.87,4.17255,,
72.899,2516,0.000397456,2402.62,1110.84,4.17339,,
72.916,2507,0.000398883,2334.87,1110.81,4.17423,,
72.933,2311,0.000432713,2261.91,1110.78,4.17506,,
72.95,2278,0.000438982,2184.96,1110.75,4.1759,,
72.967,2247,0.000445038,2105.41,1110.72,4.17674,,
72.984,2120,0.000471698,2024.59,1110.69,4.17758,,
73.001,2052,0.000487329,1943.87,1110.66,4.17842,,
73.018,1971,0.000507357,1864.5,1110.64,4.17925,,
73.035,1880,0.000531915,1787.55,1110.61,4.18009,,
73.052,1782,0.000561167,1713.97,1110.58,4.18093,,
73.069,1657,0.0006035,1644.48,1110.55,4.18177,,
73.086,1671,0.000598444,1579.64,1110.52,4.1826,,
73.103,1560,0.000641026,1519.83,1110.49,4.18344,,
73.12,1382,0.000723589,1465.26,1110.46,4.18428,,
73.137,1331,0.000751315,1416.01,1110.43,4.18511,,
73.154,1270,0.000787402,1372.06,1110.41,4.18595,,
73.171,1238,0.000807754,1333.22,1110.38,4.18679,,
73.188,1239,0.000807103,1299.29,1110.35,4.18763,,
73.205,1243,0.000804505,1269.92,1110.32,4.18846,,
73.222,1166,0.000857633,1244.76,1110.29,4.1893,,
73.239,1183,0.000845309,1223.44,1110.26,4.19013,,
73.256,1190,0.000840336,1205.52,1110.23,4.19097,,
73.273,1196,0.00083612,1190.6,1110.2,4.19181,,
73.29,1149,0.000870322,1178.28,1110.18,4.19264,,
73.307,1139,0.000877963,1168.18,1110.15,4.19348,,
73.324,1124,0.00088968,1159.95,1110.12,4.19432,,
73.341,1120,0.000892857,1153.28,1110.09,4.19515,,
73.358,1160,0.000862069,1147.89,1110.06,4.19599,,
73.375,1132,0.000883392,1143.53,1110.03,4.19682,,
73.392,1106,0.000904159,1140.01,1110,4.19766,,
73.409,1108,0.000902527,1137.15,1109.97,4.19849,,
73.426,1135,0.000881057,1134.82,1109.94,4.19933,,
73.443,1148,0.00087108,1132.89,1109.92,4.20017,,
73.46,1133,0.000882613,1131.28,1109.89,4.201,,
73.477,1115,0.000896861,1129.92,1109.86,4.20184,,
73.494,1078,0.000927644,1128.75,1109.83,4.20267,,
73.511,1094,0.000914077,1127.73,1109.8,4.20351,,
73.528,1116,0.000896057,1126.83,1109.77,4.20434,,
73.545,1094,0.000914077,1126.02,1109.74,4.20518,,
73.562,1093,0.000914913,1125.28,1109.71,4.20601,,
73.579,1082,0.000924214,1124.61,1109.68,4.20684,,
73.596,1092,0.000915751,1123.99,1109.65,4.20768,,
73.613,1088,0.000919118,1123.41,1109.62,4.20851,,
73.63,1090,0.000917431,1122.87,1109.6,4.20935,,
73.647,1105,0.000904977,1122.37,1109.57,4.21018,,
73.664,1107,0.000903342,1121.89,1109.54,4.21102,,
73.681,1092,0.000915751,1121.44,1109.51,4.21185,,
73.698,1101,0.000908265,1121.02,1109.48,4.21268,,
73.715,1101,0.000908265,1120.61,1109.45,4.21352,,
73.732,1094,0.000914077,1120.23,1109.42,4.21435,,
73.749,1050,0.000952381,1119.87,1109.39,4.21519,,
73.766,1094,0.000914077,1119.52,1109.36,4.21602,,
73.783,1102,0.000907441,1119.19,1109.33,4.21685,,
73.8,1079,0.000926784,1118.87,1109.3,4.21769,,
73.817,1129,0.00088574,1118.57,1109.28,4.21852,,
73.834,1145,0.000873362,1118.29,1109.25,4.21935,,
73.851,1130,0.000884956,1118.01,1109.22,4.22019,,
73.868,1169,0.000855432,1117.75,1109.19,4.22102,,
73.885,1099,0.000909918,1117.5,1109.16,4.22185,,
73.902,1091,0.00091659,1117.26,1109.13,4.22268,,
73.919,1162,0.000860585,1117.03,1109.1,4.22352,,
73.936,1081,0.000925069,1116.81,1109.07,4.22435,,
73.953,1109,0.000901713,1116.59,1109.04,4.22518,,
73.97,1111,0.00090009,1116.39,1109.01,4.22602,,
73.987,1079,0.000926784,1116.19,1108.98,4.22685,,
74.004,1003,0.000997009,1116,1108.95,4.22768,,
74.021,1126,0.000888099,1115.82,1108.92,4.22851,,
74.038,1038,0.000963391,1115.64,1108.89,4.22934,,
74.055,1107,0.000903342,1115.47,1108.86,4.23018,,
74.072,1088,0.000919118,1115.31,1108.84,4.23101,,
74.089,1087,0.000919963,1115.15,1108.81,4.23184,,
74.106,1102,0.000907441,1114.99,1108.78,4.23267,,
74.123,1036,0.000965251,1114.85,1108.75,4.2335,,
74.14,1129,0.00088574,1114.7,1108.72,4.23433,,
74.157,1089,0.000918274,1114.56,1108.69,4.23517,,
74.174,1099,0.000909918,1114.43,1108.66,4.236,,
74.191,1073,0.000931966,1114.3,1108.63,4.23683,,
74.208,1094,0.000914077,1114.17,1108.6,4.23766,,
74.225,1086,0.00092081,1114.05,1108.57,4.23849,,
74.242,1068,0.00093633,1113.93,1108.54,4.23932,,
74.259,1045,0.000956938,1113.82,1108.51,4.24015,,
74.276,1054,0.000948767,1113.7,1108.48,4.24098,,
74.293,1062,0.00094162,1113.6,1108.45,4.24181,,
74.31,1096,0.000912409,1113.49,1108.42,4.24265,,
74.327,1102,0.000907441,1113.39,1108.39,4.24348,,
74.344,1104,0.000905797,1113.29,1108.36,4.24431,,
74.361,1090,0.000917431,1113.19,1108.33,4.24514,,
74.378,1081,0.000925069,1113.1,1108.3,4.24597,,
74.395,1046,0.000956023,1113,1108.28,4.2468,,
74.412,1076,0.000929368,1112.91,1108.25,4.24763,,
74.429,1102,0.000907441,1112.83,1108.22,4.24846,,
74.446,1116,0.000896057,1112.74,1108.19,4.24929,,
74.463,1110,0.000900901,1112.66,1108.16,4.25012,,
74.48,1088,0.000919118,1112.58,1108.13,4.25095,,
74.497,1073,0.000931966,1112.5,1108.1,4.25178,,
74.514,1058,0.00094518,1112.42,1108.07,4.25261,,
74.531,1076,0.000929368,1112.35,1108.04,4.25343,,
74.548,1100,0.000909091,1112.28,1108.01,4.25426,,
74.565,1088,0.000919118,1112.2,1107.98,4.25509,,
74.582,1059,0.000944287,1112.13,1107.95,4.25592,,
74.599,1082,0.000924214,1112.07,1107.92,4.25675,,
74.616,1099,0.000909918,1112,1107.89,4.25758,,
74.633,1117,0.000895255,1111.94,1107.86,4.25841,,
74.65,1102,0.000907441,1111.87,1107.83,4.25924,,
74.667,1071,0.000933707,1111.81,1107.8,4.26007,,
74.684,1069,0.000935454,1111.75,1107.77,4.2609,,
74.701,1030,0.000970874,1111.69,1107.74,4.26172,,
74.718,1059,0.000944287,1111.64,1107.71,4.26255,,
74.735,1083,0.000923361,1111.58,1107.68,4.26338,,
74.752,1044,0.000957854,1111.53,1107.65,4.26421,,
74.769,1037,0.00096432,1111.47,1107.62,4.26504,,
74.786,1091,0.00091659,1111.42,1107.59,4.26586,,
74.803,1079,0.000926784,1111.37,1107.56,4.26669,,
74.82,1106,0.000904159,1111.32,1107.53,4.26752,,
74.837,1058,0.00094518,1111.27,1107.5,4.26835,,
74.854,1092,0.000915751,1111.23,1107.47,4.26918,,
74.871,1063,0.000940734,1111.18,1107.44,4.27,,
74.888,1099,0.000909918,1111.13,1107.41,4.27083,,
74.905,1096,0.000912409,1111.09,1107.38,4.27166,,
74.922,1079,0.000926784,1111.05,1107.35,4.27249,,
74.939,1093,0.000914913,1111.01,1107.32,4.27331,,
74.956,1078,0.000927644,1110.97,1107.29,4.27414,,
74.973,1080,0.000925926,1110.93,1107.26,4.27497,,
74.99,1011,0.00098912,1110.89,1107.23,4.27579,,
75.007,1094,0.000914077,1110.85,1107.2,4.27662,,
75.024,1082,0.000924214,1110.82,1107.17,4.27745,,
75.041,1069,0.000935454,1110.78,1107.14,4.27827,,
75.058,1088,0.000919118,1110.75,1107.11,4.2791,,
75.075,1098,0.000910747,1110.71,1107.08,4.27993,,
75.092,1098,0.000910747,1110.68,1107.05,4.28075,,
75.109,1109,0.000901713,1110.65,1107.02,4.28158,,
75.126,1102,0.000907441,1110.62,1106.99,4.2824,,
75.143,1065,0.000938967,1110.59,1106.96,4.28323,,
75.16,1059,0.000944287,1110.57,1106.93,4.28406,,
75.177,1077,0.000928505,1110.54,1106.9,4.28488,,
75.194,1125,0.000888889,1110.51,1106.87,4.28571,,
75.211,1045,0.000956938,1110.49,1106.84,4.28653,,
75.228,1055,0.000947867,1110.47,1106.81,4.28736,,
75.245,1074,0.000931099,1110.44,1106.78,4.28818,,
75.262,1079,0.000926784,1110.42,1106.75,4.28901,,
75.279,1092,0.000915751,1110.4,1106.72,4.28984,,
75.296,1075,0.000930233,1110.38,1106.69,4.29066,,
75.313,1065,0.000938967,1110.36,1106.66,4.29149,,
75.33,1049,0.000953289,1110.35,1106.63,4.29231,,
75.347,1038,0.000963391,1110.33,1106.6,4.29314,,
75.364,1102,0.000907441,1110.32,1106.57,4.29396,,
75.381,1116,0.000896057,1110.3,1106.54,4.29478,,
75.398,1074,0.000931099,1110.29,1106.51,4.29561,,
75.415,1098,0.000910747,1110.28,1106.48,4.29643,,
75.432,1095,0.000913242,1110.27,1106.45,4.29726,,
75.449,1078,0.000927644,1110.26,1106.42,4.29808,,
75.466,1084,0.000922509,1110.25,1106.39,4.29891,,
75.483,1080,0.000925926,1110.25,1106.36,4.29973,,
75.5,1061,0.000942507,1110.24,1106.33,4.30056,,
75.517,1055,0.000947867,1110.24,1106.3,4.30138,,
75.534,1067,0.000937207,1110.23,1106.27,4.3022,,
75.551,1082,0.000924214,1110.23,1106.24,4.30303,,
75.568,1067,0.000937207,1110.23,1106.21,4.30385,,
75.585,1043,0.000958773,1110.24,1106.18,4.30467,,
75.602,1062,0.00094162,1110.24,1106.15,4.3055,,
75.619,1076,0.000929368,1110.24,1106.12,4.30632,,
75.636,1053,0.000949668,1110.25,1106.09,4.30714,,
75.653,1055,0.000947867,1110.26,1106.05,4.30797,,
75.67,1078,0.000927644,1110.27,1106.02,4.30879,,
75.687,1115,0.000896861,1110.28,1105.99,4.30961,,
75.704,1099,0.000909918,1110.29,1105.96,4.31044,,
75.721,1057,0.000946074,1110.31,1105.93,4.31126,,
75.738,1037,0.00096432,1110.32,1105.9,4.31208,,
75.755,1079,0.000926784,1110.34,1105.87,4.3129,,
75.772,1038,0.000963391,1110.36,1105.84,4.31373,,
75.789,1087,0.000919963,1110.39,1105.81,4.31455,,
75.806,1087,0.000919963,1110.41,1105.78,4.31537,,
75.823,1040,0.000961538,1110.44,1105.75,4.31619,,
75.84,1121,0.000892061,1110.47,1105.72,4.31702,,
75.857,1113,0.000898473,1110.5,1105.69,4.31784,,
75.874,1127,0.000887311,1110.53,1105.66,4.31866,,
75.891,1111,0.00090009,1110.57,1105.63,4.31948,,
75.908,1127,0.000887311,1110.61,1105.6,4.3203,,
75.925,1049,0.000953289,1110.65,1105.57,4.32113,,
75.942,1086,0.00092081,1110.7,1105.54,4.32195,,
75.959,1086,0.00092081,1110.75,1105.51,4.32277,,
75.976,1040,0.000961538,1110.8,1105.48,4.32359,,
75.993,1043,0.000958773,1110.85,1105.44,4.32441,,
76.01,1070,0.000934579,1110.91,1105.41,4.32523,,
76.027,1058,0.00094518,1110.97,1105.38,4.32605,,
76.044,1066,0.000938086,1111.03,1105.35,4.32687,,
76.061,1118,0.000894454,1111.1,1105.32,4.3277,,
76.078,1106,0.000904159,1111.18,1105.29,4.32852,,
76.095,1090,0.000917431,1111.25,1105.26,4.32934,,
76.112,1038,0.000963391,1111.33,1105.23,4.33016,,
76.129,1102,0.000907441,1111.42,1105.2,4.33098,,
76.146,1091,0.00091659,1111.51,1105.17,4.3318,,
76.163,1083,0.000923361,1111.6,1105.14,4.33262,,
76.18,1032,0.000968992,1111.71,1105.11,4.33344,,
76.197,1065,0.000938967,1111.81,1105.08,4.33426,,
76.214,1060,0.000943396,1111.92,1105.05,4.33508,,
76.231,1061,0.000942507,1112.04,1105.01,4.3359,,
76.248,1091,0.00091659,1112.17,1104.98,4.33672,,
76.265,1096,0.000912409,1112.3,1104.95,4.33754,,
76.282,1097,0.000911577,1112.43,1104.92,4.33836,,
76.299,1104,0.000905797,1112.58,1104.89,4.33918,,
76.316,1096,0.000912409,1112.73,1104.86,4.34,,
76.333,1115,0.000896861,1112.9,1104.83,4.34082,,
76.35,1050,0.000952381,1113.07,1104.8,4.34164,,
76.367,1043,0.000958773,1113.25,1104.77,4.34246,,
76.384,1078,0.000927644,1113.44,1104.74,4.34327,,
76.401,1074,0.000931099,1113.64,1104.71,4.34409,,
76.418,1080,0.000925926,1113.85,1104.68,4.34491,,
76.435,1064,0.00093985,1114.07,1104.64,4.34573,,
76.452,1076,0.000929368,1114.3,1104.61,4.34655,,
76.469,1084,0.000922509,1114.55,1104.58,4.34737,,
76.486,1057,0.000946074,1114.82,1104.55,4.34819,,
76.503,1072,0.000932836,1115.09,1104.52,4.34901,,
76.52,1059,0.000944287,1115.39,1104.49,4.34982,,
76.537,1027,0.00097371,1115.7,1104.46,4.35064,,
76.554,1019,0.000981354,1116.03,1104.43,4.35146,,
76.571,1070,0.000934579,1116.38,1104.4,4.35228,,
76.588,1094,0.000914077,1116.75,1104.37,4.3531,,
76.605,1084,0.000922509,1117.14,1104.33,4.35391,,
76.622,1091,0.00091659,1117.56,1104.3,4.35473,,
76.639,1089,0.000918274,1118.01,1104.27,4.35555,,
76.656,1093,0.000914913,1118.48,1104.24,4.35637,,
76.673,1086,0.00092081,1118.99,1104.21,4.35718,,
76.69,1093,0.000914913,1119.54,1104.18,4.358,,
76.707,1071,0.000933707,1120.14,1104.15,4.35882,,
76.724,1082,0.000924214,1120.78,1104.12,4.35964,,
76.741,1102,0.000907441,1121.48,1104.09,4.36045,,
76.758,1079,0.000926784,1122.26,1104.05,4.36127,,
76.775,1085,0.000921659,1123.13,1104.02,4.36209,,
76.792,1085,0.000921659,1124.1,1103.99,4.3629,,
76.809,1115,0.000896861,1125.22,1103.96,4.36372,,
76.826,1085,0.000921659,1126.51,1103.93,4.36454,,
76.843,1175,0.000851064,1128.03,1103.9,4.36535,,
76.86,1124,0.00088968,1129.84,1103.87,4.36617,,
76.877,1102,0.000907441,1132.02,1103.84,4.36699,,
76.894,1102,0.000907441,1134.67,1103.81,4.3678,,
76.911,1144,0.000874126,1137.92,1103.77,4.36862,,
76.928,1198,0.000834725,1141.93,1103.74,4.36943,,
76.945,1183,0.000845309,1146.89,1103.71,4.37025,,
76.962,1139,0.000877963,1153.04,1103.68,4.37107,,
76.979,1143,0.000874891,1160.63,1103.65,4.37188,,
76.996,1177,0.000849618,1169.99,1103.62,4.3727,,
77.013,1101,0.000908265,1181.48,1103.59,4.37351,,
77.03,1187,0.00084246,1195.48,1103.55,4.37433,,
77.047,1131,0.000884173,1212.44,1103.52,4.37514,,
77.064,1211,0.000825764,1232.81,1103.49,4.37596,,
77.081,1176,0.00085034,1257.08,1103.46,4.37677,,
77.098,1247,0.000801925,1285.73,1103.43,4.37759,,
77.115,1187,0.00084246,1319.19,1103.4,4.3784,,
77.132,1192,0.000838926,1357.91,1103.37,4.37922,,
77.149,1330,0.00075188,1402.21,1103.34,4.38003,,
77.166,1272,0.000786164,1452.37,1103.3,4.38085,,
77.183,1353,0.000739098,1508.5,1103.27,4.38166,,
77.2,1382,0.000723589,1570.59,1103.24,4.38248,,
77.217,1384,0.000722543,1638.46,1103.21,4.38329,,
77.234,1497,0.000668003,1711.72,1103.18,4.38411,,
77.251,1474,0.000678426,1789.83,1103.15,4.38492,,
77.268,1495,0.000668896,1871.95,1103.12,4.38573,,
77.285,1647,0.000607165,1957.09,1103.08,4.38655,,
77.302,1729,0.000578369,2044.07,1103.05,4.38736,,
77.319,1856,0.000538793,2131.45,1103.02,4.38818,,
77.336,1881,0.000531632,2217.71,1102.99,4.38899,,
77.353,1976,0.000506073,2301.11,1102.96,4.3898,,
77.37,2071,0.000482859,2379.87,1102.93,4.39062,,
77.387,2207,0.000453104,2452.21,1102.89,4.39143,,
77.404,2372,0.000421585,2516.39,1102.86,4.39224,,
77.421,2538,0.000394011,2570.89,1102.83,4.39306,,
77.438,2559,0.000390778,2614.47,1102.8,4.39387,,
77.455,2610,0.000383142,2646.3,1102.77,4.39468,,
77.472,2714,0.00036846,2665.96,1102.74,4.3955,,
77.489,2726,0.000366838,2673.51,1102.71,4.39631,,
77.506,2710,0.000369004,2669.3,1102.67,4.39712,,
77.523,2745,0.000364299,2653.99,1102.64,4.39793,,
77.54,2677,0.000373552,2628.45,1102.61,4.39875,,
77.557,2592,0.000385802,2593.51,1102.58,4.39956,,
77.574,2575,0.00038835,2550.16,1102.55,4.40037,,
77.591,2519,0.000396983,2499.24,1102.52,4.40118,,
77.608,2496,0.000400641,2441.69,1102.48,4.402,,
77.625,2369,0.000422119,2378.42,1102.45,4.40281,,
77.642,2314,0.000432152,2310.35,1102.42,4.40362,,
77.659,2318,0.000431406,2238.52,1102.39,4.40443,,
77.676,2261,0.000442282,2163.93,1102.36,4.40524,,
77.693,2249,0.000444642,2087.72,1102.33,4.40606,,
77.71,2136,0.000468165,2010.99,1102.29,4.40687,,
77.727,1943,0.000514668,1934.76,1102.26,4.40768,,
77.744,1925,0.000519481,1860,1102.23,4.40849,,
77.761,1823,0.000548546,1787.56,1102.2,4.4093,,
77.778,1755,0.000569801,1718.15,1102.17,4.41011,,
77.795,1687,0.000592768,1652.35,1102.13,4.41092,,
77.812,1581,0.000632511,1590.6,1102.1,4.41173,,
77.829,1571,0.000636537,1533.2,1102.07,4.41255,,
77.846,1517,0.000659196,1480.36,1102.04,4.41336,,
77.863,1486,0.000672948,1432.16,1102.01,4.41417,,
77.88,1419,0.000704722,1388.6,1101.98,4.41498,,
77.897,1371,0.000729395,1349.58,1101.94,4.41579,,
77.914,1375,0.000727273,1314.93,1101.91,4.4166,,
77.931,1370,0.000729927,1284.45,1101.88,4.41741,,
77.948,1281,0.00078064,1257.86,1101.85,4.41822,,
77.965,1416,0.000706215,1234.86,1101.82,4.41903,,
77.982,1322,0.00075643,1215.13,1101.78,4.41984,,
77.999,1357,0.00073692,1198.34,1101.75,4.42065,,
78.016,1305,0.000766284,1184.16,1101.72,4.42146,,
78.033,1237,0.000808407,1172.27,1101.69,4.42227,,
78.05,1198,0.000834725,1162.36,1101.66,4.42308,,
78.067,1327,0.00075358,1154.15,1101.62,4.42389,,
78.084,1318,0.000758725,1147.37,1101.59,4.4247,,
78.101,1405,0.000711744,1141.8,1101.56,4.42551,,
78.118,1345,0.000743494,1137.22,1101.53,4.42632,,
78.135,1318,0.000758725,1133.46,1101.5,4.42713,,
78.152,1306,0.000765697,1130.37,1101.46,4.42793,,
78.169,1228,0.000814332,1127.81,1101.43,4.42874,,
78.186,1322,0.00075643,1125.68,1101.4,4.42955,,
78.203,1305,0.000766284,1123.9,1101.37,4.43036,,
78.22,1295,0.000772201,1122.38,1101.34,4.43117,,
78.237,1256,0.000796178,1121.09,1101.3,4.43198,,
78.254,1210,0.000826446,1119.96,1101.27,4.43279,,
78.271,1242,0.000805153,1118.97,1101.24,4.43359,,
78.288,1240,0.000806452,1118.08,1101.21,4.4344,,
78.305,1190,0.000840336,1117.29,1101.18,4.43521,,
78.322,1161,0.000861326,1116.56,1101.14,4.43602,,
78.339,1197,0.000835422,1115.89,1101.11,4.43683,,
78.356,1173,0.000852515,1115.27,1101.08,4.43764,,
78.373,1136,0.000880282,1114.7,1101.05,4.43844,,
78.39,1113,0.000898473,1114.16,1101.01,4.43925,,
78.407,1137,0.000879507,1113.65,1100.98,4.44006,,
78.424,1142,0.000875657,1113.17,1100.95,4.44087,,
78.441,1131,0.000884173,1112.72,1100.92,4.44167,,
78.458,1100,0.000909091,1112.28,1100.89,4.44248,,
78.475,1109,0.000901713,1111.87,1100.85,4.44329,,
78.492,1111,0.00090009,1111.48,1100.82,4.44409,,
78.509,1134,0.000881834,1111.11,1100.79,4.4449,,
78.526,1099,0.000909918,1110.75,1100.76,4.44571,,
78.543,1075,0.000930233,1110.41,1100.72,4.44652,,
78.56,1091,0.00091659,1110.09,1100.69,4.44732,,
78.577,1102,0.000907441,1109.78,1100.66,4.44813,,
78.594,1131,0.000884173,1109.48,1100.63,4.44894,,
78.611,1095,0.000913242,1109.19,1100.59,4.44974,,
78.628,1121,0.000892061,1108.91,1100.56,4.45055,,
78.645,1115,0.000896861,1108.65,1100.53,4.45135,,
78.662,1088,0.000919118,1108.39,1100.5,4.45216,,
78.679,1127,0.000887311,1108.15,1100.47,4.45297,,
78.696,1117,0.000895255,1107.91,1100.43,4.45377,,
78.713,1119,0.000893655,1107.68,1100.4,4.45458,,
78.73,1119,0.000893655,1107.46,1100.37,4.45538,,
78.747,1137,0.000879507,1107.25,1100.34,4.45619,,
78.764,1101,0.000908265,1107.04,1100.3,4.457,,
78.781,1074,0.000931099,1106.84,1100.27,4.4578,,
78.798,1113,0.000898473,1106.65,1100.24,4.45861,,
78.815,1113,0.000898473,1106.46,1100.21,4.45941,,
78.832,1100,0.000909091,1106.28,1100.17,4.46022,,
78.849,1089,0.000918274,1106.11,1100.14,4.46102,,
78.866,1087,0.000919963,1105.94,1100.11,4.46183,,
78.883,1114,0.000897666,1105.77,1100.08,4.46263,,
78.9,1109,0.000901713,1105.61,1100.04,4.46344,,
78.917,1140,0.000877193,1105.46,1100.01,4.46424,,
78.934,1059,0.000944287,1105.31,1099.98,4.46505,,
78.951,1129,0.00088574,1105.16,1099.95,4.46585,,
78.968,1076,0.000929368,1105.02,1099.91,4.46665,,
78.985,1090,0.000917431,1104.88,1099.88,4.46746,,
79.002,1044,0.000957854,1104.74,1099.85,4.46826,,
79.019,1110,0.000900901,1104.61,1099.82,4.46907,,
79.036,1092,0.000915751,1104.48,1099.78,4.46987,,
79.053,1088,0.000919118,1104.35,1099.75,4.47067,,
79.07,1056,0.00094697,1104.23,1099.72,4.47148,,
79.087,1118,0.000894454,1104.11,1099.68,4.47228,,
79.104,1097,0.000911577,1103.99,1099.65,4.47309,,
79.121,1081,0.000925069,1103.88,1099.62,4.47389,,
79.138,1041,0.000960615,1103.77,1099.59,4.47469,,
79.155,1041,0.000960615,1103.66,1099.55,4.4755,,
79.172,1086,0.00092081,1103.55,1099.52,4.4763,,
79.189,1100,0.000909091,1103.44,1099.49,4.4771,,
79.206,1065,0.000938967,1103.34,1099.46,4.4779,,
79.223,1063,0.000940734,1103.24,1099.42,4.47871,,
79.24,1108,0.000902527,1103.14,1099.39,4.47951,,
79.257,1054,0.000948767,1103.04,1099.36,4.48031,,
79.274,1066,0.000938086,1102.95,1099.33,4.48112,,
79.291,1075,0.000930233,1102.85,1099.29,4.48192,,
79.308,1040,0.000961538,1102.76,1099.26,4.48272,,
79.325,1042,0.000959693,1102.67,1099.23,4.48352,,
79.342,1025,0.00097561,1102.58,1099.19,4.48432,,
79.359,1079,0.000926784,1102.5,1099.16,4.48513,,
79.376,1066,0.000938086,1102.41,1099.13,4.48593,,
79.393,1068,0.00093633,1102.33,1099.1,4.48673,,
79.41,1075,0.000930233,1102.24,1099.06,4.48753,,
79.427,1068,0.00093633,1102.16,1099.03,4.48833,,
79.444,1070,0.000934579,1102.08,1099,4.48914,,
79.461,1082,0.000924214,1102,1098.96,4.48994,,
79.478,1087,0.000919963,1101.93,1098.93,4.49074,,
79.495,1084,0.000922509,1101.85,1098.9,4.49154,,
79.512,1078,0.000927644,1101.77,1098.87,4.49234,,
79.529,1074,0.000931099,1101.7,1098.83,4.49314,,
79.546,1055,0.000947867,1101.63,1098.8,4.49394,,
79.563,1050,0.000952381,1101.55,1098.77,4.49474,,
79.58,1061,0.000942507,1101.48,1098.73,4.49555,,
79.597,1077,0.000928505,1101.41,1098.7,4.49635,,
79.614,1066,0.000938086,1101.34,1098.67,4.49715,,
79.631,1058,0.00094518,1101.27,1098.63,4.49795,,
79.648,1073,0.000931966,1101.21,1098.6,4.49875,,
79.665,1097,0.000911577,1101.14,1098.57,4.49955,,
79.682,1066,0.000938086,1101.07,1098.54,4.50035,,
79.699,1086,0.00092081,1101.01,1098.5,4.50115,,
79.716,1030,0.000970874,1100.94,1098.47,4.50195,,
79.733,1036,0.000965251,1100.88,1098.44,4.50275,,
79.75,1032,0.000968992,1100.82,1098.4,4.50355,,
79.767,1066,0.000938086,1100.75,1098.37,4.50435,,
79.784,1080,0.000925926,1100.69,1098.34,4.50515,,
79.801,1025,0.00097561,1100.63,1098.3,4.50595,,
79.818,1068,0.00093633,1100.57,1098.27,4.50675,,
79.835,1010,0.000990099,1100.51,1098.24,4.50755,,
79.852,1076,0.000929368,1100.45,1098.2,4.50834,,
79.869,1025,0.00097561,1100.39,1098.17,4.50914,,
79.886,1043,0.000958773,1100.34,1098.14,4.50994,,
79.903,1071,0.000933707,1100.28,1098.1,4.51074,,
79.92,1055,0.000947867,1100.22,1098.07,4.51154,,
79.937,1073,0.000931966,1100.17,1098.04,4.51234,,
79.954,1083,0.000923361,1100.11,1098.01,4.51314,,
79.971,1067,0.000937207,1100.06,1097.97,4.51394,,
79.988,1061,0.000942507,1100,1097.94,4.51473,,
80.005,1084,0.000922509,1099.95,1097.91,4.51553,,
80.022,1099,0.000909918,1099.89,1097.87,4.51633,,
80.039,1068,0.00093633,1099.84,1097.84,4.51713,,
80.056,1109,0.000901713,1099.79,1097.81,4.51793,,
80.073,1093,0.000914913,1099.73,1097.77,4.51873,,
80.09,1109,0.000901713,1099.68,1097.74,4.51952,,
80.107,1102,0.000907441,1099.63,1097.71,4.52032,,
80.124,1077,0.000928505,1099.58,1097.67,4.52112,,
80.141,1078,0.000927644,1099.53,1097.64,4.52192,,
80.158,1072,0.000932836,1099.48,1097.61,4.52271,,
80.175,1125,0.000888889,1099.43,1097.57,4.52351,,
80.192,1085,0.000921659,1099.38,1097.54,4.52431,,
80.209,1073,0.000931966,1099.33,1097.51,4.52511,,
80.226,1050,0.000952381,1099.28,1097.47,4.5259,,
80.243,1075,0.000930233,1099.24,1097.44,4.5267,,
80.26,1083,0.000923361,1099.19,1097.41,4.5275,,
80.277,1060,0.000943396,1099.14,1097.37,4.52829,,
80.294,1072,0.000932836,1099.09,1097.34,4.52909,,
80.311,1084,0.000922509,1099.05,1097.31,4.52989,,
80.328,1059,0.000944287,1099,1097.27,4.53068,,
80.345,1073,0.000931966,1098.95,1097.24,4.53148,,
80.362,1046,0.000956023,1098.91,1097.2,4.53227,,
80.379,1045,0.000956938,1098.86,1097.17,4.53307,,
80.396,1069,0.000935454,1098.82,1097.14,4.53387,,
80.413,1071,0.000933707,1098.77,1097.1,4.53466,,
80.43,1089,0.000918274,1098.73,1097.07,4.53546,,
80.447,1053,0.000949668,1098.69,1097.04,4.53625,,
80.464,1046,0.000956023,1098.64,1097,4.53705,,
80.481,1054,0.000948767,1098.6,1096.97,4.53785,,
80.498,1056,0.00094697,1098.56,1096.94,4.53864,,
80.515,1053,0.000949668,1098.52,1096.9,4.53944,,
80.532,1058,0.00094518,1098.47,1096.87,4.54023,,
80.549,1075,0.000930233,1098.43,1096.84,4.54103,,
80.566,1084,0.000922509,1098.39,1096.8,4.54182,,
80.583,1076,0.000929368,1098.35,1096.77,4.54262,,
80.6,1041,0.000960615,1098.31,1096.73,4.54341,,
80.617,1038,0.000963391,1098.27,1096.7,4.54421,,
80.634,1049,0.000953289,1098.23,1096.67,4.545,,
80.651,1026,0.000974659,1098.19,1096.63,4.5458,,
80.668,1069,0.000935454,1098.15,1096.6,4.54659,,
80.685,1051,0.000951475,1098.12,1096.57,4.54738,,
80.702,1102,0.000907441,1098.08,1096.53,4.54818,,
80.719,1099,0.000909918,1098.04,1096.5,4.54897,,
80.736,1088,0.000919118,1098.01,1096.47,4.54977,,
80.753,1108,0.000902527,1097.97,1096.43,4.55056,,
80.77,1121,0.000892061,1097.93,1096.4,4.55135,,
80.787,1126,0.000888099,1097.9,1096.36,4.55215,,
80.804,1052,0.00095057,1097.86,1096.33,4.55294,,
80.821,1078,0.000927644,1097.83,1096.3,4.55374,,
80.838,1101,0.000908265,1097.8,1096.26,4.55453,,
80.855,1054,0.000948767,1097.77,1096.23,4.55532,,
80.872,1151,0.00086881,1097.73,1096.2,4.55612,,
80.889,1088,0.000919118,1097.7,1096.16,4.55691,,
80.906,1098,0.000910747,1097.67,1096.13,4.5577,,
80.923,1090,0.000917431,1097.64,1096.09,4.55849,,
80.94,1031,0.000969932,1097.62,1096.06,4.55929,,
80.957,1075,0.000930233,1097.59,1096.03,4.56008,,
80.974,1086,0.00092081,1097.56,1095.99,4.56087,,
80.991,1118,0.000894454,1097.54,1095.96,4.56167,,
81.008,1037,0.00096432,1097.52,1095.92,4.56246,,
81.025,1057,0.000946074,1097.5,1095.89,4.56325,,
81.042,1030,0.000970874,1097.49,1095.86,4.56404,,
81.059,1052,0.00095057,1097.48,1095.82,4.56483,,
81.076,1072,0.000932836,1097.47,1095.79,4.56563,,
81.093,1065,0.000938967,1097.47,1095.75,4.56642,,
81.11,1040,0.000961538,1097.48,1095.72,4.56721,,
81.127,1054,0.000948767,1097.5,1095.69,4.568,,
81.144,1049,0.000953289,1097.53,1095.65,4.56879,,
81.161,1079,0.000926784,1097.57,1095.62,4.56959,,
81.178,1095,0.000913242,1097.64,1095.58,4.57038,,
81.195,1059,0.000944287,1097.73,1095.55,4.57117,,
81.212,1093,0.000914913,1097.84,1095.52,4.57196,,
81.229,1072,0.000932836,1097.99,1095.48,4.57275,,
81.246,1061,0.000942507,1098.18,1095.45,4.57354,,
81.263,1068,0.00093633,1098.42,1095.41,4.57433,,
81.28,1064,0.00093985,1098.71,1095.38,4.57512,,
81.297,1083,0.000923361,1099.07,1095.35,4.57591,,
81.314,1062,0.00094162,1099.5,1095.31,4.5767,,
81.331,1048,0.000954198,1100.01,1095.28,4.57749,,
81.348,1043,0.000958773,1100.61,1095.24,4.57829,,
81.365,1053,0.000949668,1101.31,1095.21,4.57908,,
81.382,1068,0.00093633,1102.12,1095.18,4.57987,,
81.399,1086,0.00092081,1103.04,1095.14,4.58066,,
81.416,1081,0.000925069,1104.08,1095.11,4.58145,,
81.433,1067,0.000937207,1105.25,1095.07,4.58224,,
81.45,1047,0.00095511,1106.53,1095.04,4.58303,,
81.467,1068,0.00093633,1107.94,1095,4.58382,,
81.484,1108,0.000902527,1109.46,1094.97,4.58461,,
81.501,1121,0.000892061,1111.08,1094.94,4.58539,,
81.518,1126,0.000888099,1112.8,1094.9,4.58618,,
81.535,1099,0.000909918,1114.59,1094.87,4.58697,,
81.552,1081,0.000925069,1116.44,1094.83,4.58776,,
81.569,1105,0.000904977,1118.32,1094.8,4.58855,,
81.586,1124,0.00088968,1120.2,1094.77,4.58934,,
81.603,1110,0.000900901,1122.05,1094.73,4.59013,,
81.62,1089,0.000918274,1123.85,1094.7,4.59092,,
81.637,1083,0.000923361,1125.56,1094.66,4.59171,,
81.654,1167,0.000856898,1127.13,1094.63,4.5925,,
81.671,1146,0.0008726,1128.55,1094.59,4.59328,,
81.688,1135,0.000881057,1129.78,1094.56,4.59407,,
81.705,1097,0.000911577,1130.8,1094.52,4.59486,,
81.722,1133,0.000882613,1131.58,1094.49,4.59565,,
81.739,1125,0.000888889,1132.12,1094.46,4.59644,,
81.756,1123,0.000890472,1132.41,1094.42,4.59723,,
81.773,1106,0.000904159,1132.45,1094.39,4.59801,,
81.79,1131,0.000884173,1132.26,1094.35,4.5988,,
81.807,1156,0.000865052,1131.84,1094.32,4.59959,,
81.824,1159,0.000862813,1131.22,1094.28,4.60038,,
81.841,1104,0.000905797,1130.41,1094.25,4.60116,,
81.858,1128,0.000886525,1129.42,1094.22,4.60195,,
81.875,1148,0.00087108,1128.28,1094.18,4.60274,,
81.892,1155,0.000865801,1127.01,1094.15,4.60353,,
81.909,1139,0.000877963,1125.61,1094.11,4.60431,,
81.926,1178,0.000848896,1124.11,1094.08,4.6051,,
81.943,1101,0.000908265,1122.52,1094.04,4.60589,,
81.96,1162,0.000860585,1120.87,1094.01,4.60667,,
81.977,1155,0.000865801,1119.18,1093.97,4.60746,,
81.994,1171,0.000853971,1117.46,1093.94,4.60825,,
82.011,1216,0.000822368,1115.74,1093.9,4.60903,,
82.028,1173,0.000852515,1114.03,1093.87,4.60982,,
82.045,1122,0.000891266,1112.36,1093.84,4.61061,,
82.062,1228,0.000814332,1110.74,1093.8,4.61139,,
82.079,1245,0.000803213,1109.18,1093.77,4.61218,,
82.096,1162,0.000860585,1107.69,1093.73,4.61296,,
82.113,1218,0.000821018,1106.29,1093.7,4.61375,,
82.13,1233,0.00081103,1104.97,1093.66,4.61454,,
82.147,1271,0.000786782,1103.74,1093.63,4.61532,,
82.164,1211,0.000825764,1102.61,1093.59,4.61611,,
82.181,1220,0.000819672,1101.58,1093.56,4.61689,,
82.198,1241,0.000805802,1100.64,1093.52,4.61768,,
82.215,1226,0.000815661,1099.79,1093.49,4.61846,,
82.232,1257,0.000795545,1099.02,1093.45,4.61925,,
82.249,1332,0.000750751,1098.34,1093.42,4.62003,,
82.266,1324,0.000755287,1097.74,1093.38,4.62082,,
82.283,1291,0.000774593,1097.21,1093.35,4.6216,,
82.3,1332,0.000750751,1096.75,1093.32,4.62239,,
82.317,1330,0.00075188,1096.35,1093.28,4.62317,,
82.334,1338,0.000747384,1096,1093.25,4.62396,,
82.351,1323,0.000755858,1095.69,1093.21,4.62474,,
82.368,1345,0.000743494,1095.43,1093.18,4.62553,,
82.385,1354,0.000738552,1095.2,1093.14,4.62631,,
82.402,1320,0.000757576,1095.01,1093.11,4.62709,,
82.419,1305,0.000766284,1094.84,1093.07,4.62788,,
82.436,1311,0.000762777,1094.69,1093.04,4.62866,,
82.453,1288,0.000776398,1094.57,1093,4.62945,,
82.47,1219,0.000820345,1094.45,1092.97,4.63023,,
82.487,1206,0.000829187,1094.35,1092.93,4.63101,,
82.504,1242,0.000805153,1094.26,1092.9,4.6318,,
82.521,1212,0.000825083,1094.18,1092.86,4.63258,,
82.538,1159,0.000862813,1094.11,1092.83,4.63336,,
82.555,1158,0.000863558,1094.04,1092.79,4.63415,,
82.572,1152,0.000868056,1093.97,1092.76,4.63493,,
82.589,1135,0.000881057,1093.91,1092.72,4.63571,,
82.606,1153,0.000867303,1093.85,1092.69,4.6365,,
82.623,1198,0.000834725,1093.8,1092.65,4.63728,,
82.64,1186,0.00084317,1093.75,1092.62,4.63806,,
82.657,1152,0.000868056,1093.69,1092.58,4.63884,,
82.674,1107,0.000903342,1093.64,1092.55,4.63963,,
82.691,1100,0.000909091,1093.59,1092.51,4.64041,,
82.708,1081,0.000925069,1093.55,1092.48,4.64119,,
82.725,1128,0.000886525,1093.5,1092.44,4.64197,,
82.742,1120,0.000892857,1093.45,1092.41,4.64276,,
82.759,1093,0.000914913,1093.41,1092.37,4.64354,,
82.776,1126,0.000888099,1093.36,1092.34,4.64432,,
82.793,1160,0.000862069,1093.32,1092.3,4.6451,,
82.81,1135,0.000881057,1093.27,1092.27,4.64588,,
82.827,1078,0.000927644,1093.23,1092.23,4.64666,,
82.844,1108,0.000902527,1093.19,1092.2,4.64745,,
82.861,1086,0.00092081,1093.14,1092.16,4.64823,,
82.878,1090,0.000917431,1093.1,1092.13,4.64901,,
82.895,1134,0.000881834,1093.06,1092.09,4.64979,,
82.912,1086,0.00092081,1093.02,1092.06,4.65057,,
82.929,1113,0.000898473,1092.98,1092.02,4.65135,,
82.946,1059,0.000944287,1092.94,1091.99,4.65213,,
82.963,1112,0.000899281,1092.9,1091.95,4.65291,,
82.98,1084,0.000922509,1092.86,1091.92,4.65369,,
82.997,1068,0.00093633,1092.82,1091.88,4.65447,,
83.014,1043,0.000958773,1092.79,1091.85,4.65526,,
83.031,1106,0.000904159,1092.75,1091.81,4.65604,,
83.048,1136,0.000880282,1092.71,1091.78,4.65682,,
83.065,1166,0.000857633,1092.67,1091.74,4.6576,,
83.082,1084,0.000922509,1092.63,1091.71,4.65838,,
83.099,1141,0.000876424,1092.59,1091.67,4.65916,,
83.116,1091,0.00091659,1092.56,1091.63,4.65994,,
83.133,1099,0.000909918,1092.52,1091.6,4.66072,,
83.15,1121,0.000892061,1092.48,1091.56,4.6615,,
83.167,1102,0.000907441,1092.44,1091.53,4.66227,,
83.184,1115,0.000896861,1092.4,1091.49,4.66305,,
83.201,1131,0.000884173,1092.36,1091.46,4.66383,,
83.218,1081,0.000925069,1092.32,1091.42,4.66461,,
83.235,1111,0.00090009,1092.28,1091.39,4.66539,,
83.252,1111,0.00090009,1092.24,1091.35,4.66617,,
83.269,1122,0.000891266,1092.2,1091.32,4.66695,,
83.286,1145,0.000873362,1092.16,1091.28,4.66773,,
83.303,1131,0.000884173,1092.12,1091.25,4.66851,,
83.32,1086,0.00092081,1092.08,1091.21,4.66929,,
83.337,1120,0.000892857,1092.04,1091.18,4.67006,,
83.354,1103,0.000906618,1092,1091.14,4.67084,,
83.371,1073,0.000931966,1091.96,1091.1,4.67162,,
83.388,1163,0.000859845,1091.92,1091.07,4.6724,,
83.405,1162,0.000860585,1091.88,1091.03,4.67318,,
83.422,1112,0.000899281,1091.84,1091,4.67396,,
83.439,1111,0.00090009,1091.8,1090.96,4.67473,,
83.456,1122,0.000891266,1091.76,1090.93,4.67551,,
83.473,1117,0.000895255,1091.72,1090.89,4.67629,,
83.49,1104,0.000905797,1091.68,1090.86,4.67707,,
83.507,1098,0.000910747,1091.64,1090.82,4.67784,,
83.524,1123,0.000890472,1091.6,1090.78,4.67862,,
83.541,1147,0.00087184,1091.57,1090.75,4.6794,,
83.558,1135,0.000881057,1091.53,1090.71,4.68018,,
83.575,1120,0.000892857,1091.49,1090.68,4.68095,,
83.592,1084,0.000922509,1091.45,1090.64,4.68173,,
83.609,1089,0.000918274,1091.41,1090.61,4.68251,,
83.626,1090,0.000917431,1091.37,1090.57,4.68328,,
83.643,1053,0.000949668,1091.34,1090.54,4.68406,,
83.66,1015,0.000985222,1091.3,1090.5,4.68484,,
83.677,1067,0.000937207,1091.26,1090.46,4.68561,,
83.694,1047,0.00095511,1091.22,1090.43,4.68639,,
83.711,1096,0.000912409,1091.19,1090.39,4.68717,,
83.728,1131,0.000884173,1091.15,1090.36,4.68794,,
83.745,1109,0.000901713,1091.11,1090.32,4.68872,,
83.762,1125,0.000888889,1091.08,1090.29,4.68949,,
83.779,1081,0.000925069,1091.04,1090.25,4.69027,,
83.796,1116,0.000896057,1091,1090.21,4.69105,,
83.813,1118,0.000894454,1090.97,1090.18,4.69182,,
83.83,1134,0.000881834,1090.93,1090.14,4.6926,,
83.847,1042,0.000959693,1090.89,1090.11,4.69337,,
83.864,1079,0.000926784,1090.86,1090.07,4.69415,,
83.881,1068,0.00093633,1090.82,1090.04,4.69492,,
83.898,1081,0.000925069,1090.79,1090,4.6957,,
83.915,1096,0.000912409,1090.75,1089.96,4.69647,,
83.932,1050,0.000952381,1090.71,1089.93,4.69725,,
83.949,1113,0.000898473,1090.68,1089.89,4.69802,,
83.966,1066,0.000938086,1090.64,1089.86,4.6988,,
83.983,1018,0.000982318,1090.61,1089.82,4.69957,,
84,1052,0.00095057,1090.57,1089.79,4.70035,,
84.017,1058,0.00094518,1090.54,1089.75,4.70112,,
84.034,1058,0.00094518,1090.5,1089.71,4.70189,,
84.051,1085,0.000921659,1090.46,1089.68,4.70267,,
84.068,1063,0.000940734,1090.43,1089.64,4.70344,,
84.085,1048,0.000954198,1090.39,1089.61,4.70422,,
84.102,1076,0.000929368,1090.36,1089.57,4.70499,,
84.119,1072,0.000932836,1090.32,1089.53,4.70576,,
84.136,1076,0.000929368,1090.29,1089.5,4.70654,,
84.153,1061,0.000942507,1090.25,1089.46,4.70731,,
84.17,1078,0.000927644,1090.22,1089.43,4.70809,,
84.187,1077,0.000928505,1090.18,1089.39,4.70886,,
84.204,1110,0.000900901,1090.15,1089.35,4.70963,,
84.221,1097,0.000911577,1090.11,1089.32,4.71041,,
84.238,1083,0.000923361,1090.08,1089.28,4.71118,,
84.255,1099,0.000909918,1090.04,1089.25,4.71195,,
84.272,1075,0.000930233,1090.01,1089.21,4.71272,,
84.289,1095,0.000913242,1089.97,1089.17,4.7135,,
84.306,1047,0.00095511,1089.94,1089.14,4.71427,,
84.323,1057,0.000946074,1089.9,1089.1,4.71504,,
84.34,1076,0.000929368,1089.87,1089.07,4.71581,,
84.357,1042,0.000959693,1089.83,1089.03,4.71659,,
84.374,1041,0.000960615,1089.8,1088.99,4.71736,,
84.391,1035,0.000966184,1089.77,1088.96,4.71813,,
84.408,1053,0.000949668,1089.73,1088.92,4.7189,,
84.425,1088,0.000919118,1089.7,1088.89,4.71967,,
84.442,1088,0.000919118,1089.66,1088.85,4.72045,,
84.459,1083,0.000923361,1089.63,1088.81,4.72122,,
84.476,1041,0.000960615,1089.59,1088.78,4.72199,,
84.493,1027,0.00097371,1089.56,1088.74,4.72276,,
84.51,1070,0.000934579,1089.53,1088.7,4.72353,,
84.527,1076,0.000929368,1089.49,1088.67,4.7243,,
84.544,1055,0.000947867,1089.46,1088.63,4.72508,,
84.561,1085,0.000921659,1089.42,1088.6,4.72585,,
84.578,1061,0.000942507,1089.39,1088.56,4.72662,,
84.595,1046,0.000956023,1089.36,1088.52,4.72739,,
84.612,1075,0.000930233,1089.32,1088.49,4.72816,,
84.629,1027,0.00097371,1089.29,1088.45,4.72893,,
84.646,1068,0.00093633,1089.26,1088.41,4.7297,,
84.663,1065,0.000938967,1089.22,1088.38,4.73047,,
84.68,1072,0.000932836,1089.19,1088.34,4.73124,,
84.697,1136,0.000880282,1089.16,1088.31,4.73201,,
84.714,1085,0.000921659,1089.12,1088.27,4.73278,,
84.731,1039,0.000962464,1089.09,1088.23,4.73355,,
84.748,1090,0.000917431,1089.06,1088.2,4.73432,,
84.765,1056,0.00094697,1089.02,1088.16,4.73509,,
84.782,1130,0.000884956,1088.99,1088.12,4.73586,,
84.799,1099,0.000909918,1088.96,1088.09,4.73663,,
84.816,1046,0.000956023,1088.92,1088.05,4.7374,,
84.833,1094,0.000914077,1088.89,1088.01,4.73817,,
84.85,1062,0.00094162,1088.86,1087.98,4.73894,,
84.867,1029,0.000971817,1088.82,1087.94,4.73971,,
84.884,1083,0.000923361,1088.79,1087.91,4.74048,,
84.901,1078,0.000927644,1088.76,1087.87,4.74125,,
84.918,1070,0.000934579,1088.73,1087.83,4.74201,,
84.935,1075,0.000930233,1088.69,1087.8,4.74278,,
84.952,1100,0.000909091,1088.66,1087.76,4.74355,,
84.969,1086,0.00092081,1088.63,1087.72,4.74432,,
84.986,1068,0.00093633,1088.6,1087.69,4.74509,,
85.003,1048,0.000954198,1088.57,1087.65,4.74586,,
85.02,1082,0.000924214,1088.53,1087.61,4.74663,,
85.037,1099,0.000909918,1088.5,1087.58,4.74739,,
85.054,1041,0.000960615,1088.47,1087.54,4.74816,,
85.071,1054,0.000948767,1088.44,1087.5,4.74893,,
85.088,1074,0.000931099,1088.41,1087.47,4.7497,,
85.105,1037,0.00096432,1088.37,1087.43,4.75047,,
85.122,1053,0.000949668,1088.34,1087.39,4.75123,,
85.139,1057,0.000946074,1088.31,1087.36,4.752,,
85.156,1043,0.000958773,1088.28,1087.32,4.75277,,
85.173,1057,0.000946074,1088.25,1087.28,4.75354,,
85.19,1058,0.00094518,1088.22,1087.25,4.7543,,
85.207,1074,0.000931099,1088.19,1087.21,4.75507,,
85.224,1074,0.000931099,1088.16,1087.17,4.75584,,
85.241,1052,0.00095057,1088.13,1087.14,4.7566,,
85.258,1020,0.000980392,1088.09,1087.1,4.75737,,
85.275,1038,0.000963391,1088.06,1087.06,4.75814,,
85.292,1049,0.000953289,1088.03,1087.03,4.7589,,
85.309,1071,0.000933707,1088,1086.99,4.75967,,
85.326,1115,0.000896861,1087.97,1086.95,4.76044,,
85.343,1111,0.00090009,1087.94,1086.92,4.7612,,
85.36,1074,0.000931099,1087.91,1086.88,4.76197,,
85.377,1065,0.000938967,1087.88,1086.84,4.76274,,
85.394,1060,0.000943396,1087.85,1086.81,4.7635,,
85.411,1087,0.000919963,1087.82,1086.77,4.76427,,
85.428,1089,0.000918274,1087.79,1086.73,4.76503,,
85.445,1073,0.000931966,1087.77,1086.7,4.7658,,
85.462,1093,0.000914913,1087.74,1086.66,4.76656,,
85.479,1083,0.000923361,1087.71,1086.62,4.76733,,
85.496,1075,0.000930233,1087.68,1086.59,4.76809,,
85.513,1035,0.000966184,1087.65,1086.55,4.76886,,
85.53,1025,0.00097561,1087.62,1086.51,4.76962,,
85.547,1047,0.00095511,1087.59,1086.48,4.77039,,
85.564,1052,0.00095057,1087.56,1086.44,4.77115,,
85.581,1083,0.000923361,1087.54,1086.4,4.77192,,
85.598,1056,0.00094697,1087.51,1086.37,4.77268,,
85.615,1048,0.000954198,1087.48,1086.33,4.77345,,
85.632,1027,0.00097371,1087.45,1086.29,4.77421,,
85.649,1055,0.000947867,1087.43,1086.25,4.77498,,
85.666,1092,0.000915751,1087.4,1086.22,4.77574,,
85.683,1071,0.000933707,1087.37,1086.18,4.77651,,
85.7,1078,0.000927644,1087.35,1086.14,4.77727,,
85.717,1049,0.000953289,1087.32,1086.11,4.77803,,
85.734,1099,0.000909918,1087.29,1086.07,4.7788,,
85.751,1120,0.000892857,1087.27,1086.03,4.77956,,
85.768,1079,0.000926784,1087.24,1086,4.78033,,
85.785,1022,0.000978474,1087.22,1085.96,4.78109,,
85.802,1078,0.000927644,1087.19,1085.92,4.78185,,
85.819,1061,0.000942507,1087.17,1085.88,4.78262,,
85.836,1068,0.00093633,1087.14,1085.85,4.78338,,
85.853,1061,0.000942507,1087.12,1085.81,4.78414,,
85.87,1038,0.000963391,1087.09,1085.77,4.78491,,
85.887,1059,0.000944287,1087.07,1085.74,4.78567,,
85.904,1034,0.000967118,1087.05,1085.7,4.78643,,
85.921,1058,0.00094518,1087.02,1085.66,4.78719,,
85.938,1093,0.000914913,1087,1085.63,4.78796,,
85.955,1075,0.000930233,1086.98,1085.59,4.78872,,
85.972,1044,0.000957854,1086.95,1085.55,4.78948,,
85.989,1007,0.000993049,1086.93,1085.51,4.79024,,
86.006,1102,0.000907441,1086.91,1085.48,4.79101,,
86.023,1072,0.000932836,1086.89,1085.44,4.79177,,
86.04,984,0.00101626,1086.87,1085.4,4.79253,,
86.057,1032,0.000968992,1086.85,1085.37,4.79329,,
86.074,1044,0.000957854,1086.83,1085.33,4.79405,,
86.091,1069,0.000935454,1086.81,1085.29,4.79481,,
86.108,1068,0.00093633,1086.79,1085.25,4.79558,,
86.125,1067,0.000937207,1086.77,1085.22,4.79634,,
86.142,1074,0.000931099,1086.75,1085.18,4.7971,,
86.159,1067,0.000937207,1086.73,1085.14,4.79786,,
86.176,1052,0.00095057,1086.72,1085.1,4.79862,,
86.193,1106,0.000904159,1086.7,1085.07,4.79938,,
86.21,1099,0.000909918,1086.68,1085.03,4.80014,,
86.227,1057,0.000946074,1086.67,1084.99,4.8009,,
86.244,1034,0.000967118,1086.65,1084.96,4.80166,,
86.261,1063,0.000940734,1086.64,1084.92,4.80243,,
86.278,1035,0.000966184,1086.62,1084.88,4.80319,,
86.295,1029,0.000971817,1086.61,1084.84,4.80395,,
86.312,1071,0.000933707,1086.6,1084.81,4.80471,,
86.329,1096,0.000912409,1086.58,1084.77,4.80547,,
86.346,1052,0.00095057,1086.57,1084.73,4.80623,,
86.363,1060,0.000943396,1086.56,1084.69,4.80699,,
86.38,1082,0.000924214,1086.55,1084.66,4.80775,,
86.397,1080,0.000925926,1086.54,1084.62,4.80851,,
86.414,1047,0.00095511,1086.53,1084.58,4.80927,,
86.431,1040,0.000961538,1086.52,1084.54,4.81003,,
86.448,1088,0.000919118,1086.52,1084.51,4.81078,,
86.465,1057,0.000946074,1086.51,1084.47,4.81154,,
86.482,1064,0.00093985,1086.51,1084.43,4.8123,,
86.499,1068,0.00093633,1086.5,1084.39,4.81306,,
86.516,1069,0.000935454,1086.5,1084.36,4.81382,,
86.533,1081,0.000925069,1086.49,1084.32,4.81458,,
86.55,1086,0.00092081,1086.49,1084.28,4.81534,,
86.567,1043,0.000958773,1086.49,1084.24,4.8161,,
86.584,1015,0.000985222,1086.49,1084.21,4.81686,,
86.601,1072,0.000932836,1086.5,1084.17,4.81761,,
86.618,1083,0.000923361,1086.5,1084.13,4.81837,,
86.635,1057,0.000946074,1086.5,1084.09,4.81913,,
86.652,1108,0.000902527,1086.51,1084.06,4.81989,,
86.669,1077,0.000928505,1086.52,1084.02,4.82065,,
86.686,1034,0.000967118,1086.52,1083.98,4.82141,,
86.703,1069,0.000935454,1086.53,1083.94,4.82216,,
86.72,1095,0.000913242,1086.55,1083.91,4.82292,,
86.737,1099,0.000909918,1086.56,1083.87,4.82368,,
86.754,1073,0.000931966,1086.58,1083.83,4.82444,,
86.771,1042,0.000959693,1086.59,1083.79,4.82519,,
86.788,1080,0.000925926,1086.61,1083.76,4.82595,,
86.805,1044,0.000957854,1086.63,1083.72,4.82671,,
86.822,1047,0.00095511,1086.65,1083.68,4.82747,,
86.839,1031,0.000969932,1086.68,1083.64,4.82822,,
86.856,1050,0.000952381,1086.71,1083.6,4.82898,,
86.873,1098,0.000910747,1086.74,1083.57,4.82974,,
86.89,1069,0.000935454,1086.77,1083.53,4.83049,,
86.907,992,0.00100806,1086.8,1083.49,4.83125,,
86.924,1003,0.000997009,1086.84,1083.45,4.83201,,
86.941,1072,0.000932836,1086.88,1083.42,4.83276,,
86.958,1053,0.000949668,1086.93,1083.38,4.83352,,
86.975,1093,0.000914913,1086.97,1083.34,4.83427,,
86.992,1055,0.000947867,1087.03,1083.3,4.83503,,
87.009,1014,0.000986193,1087.08,1083.26,4.83579,,
87.026,1055,0.000947867,1087.14,1083.23,4.83654,,
87.043,1067,0.000937207,1087.2,1083.19,4.8373,,
87.06,1088,0.000919118,1087.27,1083.15,4.83805,,
87.077,1071,0.000933707,1087.34,1083.11,4.83881,,
87.094,1081,0.000925069,1087.41,1083.08,4.83956,,
87.111,1053,0.000949668,1087.49,1083.04,4.84032,,
87.128,1043,0.000958773,1087.58,1083,4.84107,,
87.145,1040,0.000961538,1087.67,1082.96,4.84183,,
87.162,1064,0.00093985,1087.77,1082.92,4.84258,,
87.179,1090,0.000917431,1087.88,1082.89,4.84334,,
87.196,1120,0.000892857,1087.99,1082.85,4.84409,,
87.213,1077,0.000928505,1088.12,1082.81,4.84485,,
87.23,1081,0.000925069,1088.25,1082.77,4.8456,,
87.247,1070,0.000934579,1088.39,1082.73,4.84636,,
87.264,1081,0.000925069,1088.55,1082.7,4.84711,,
87.281,1068,0.00093633,1088.72,1082.66,4.84787,,
87.298,1093,0.000914913,1088.91,1082.62,4.84862,,
87.315,1125,0.000888889,1089.12,1082.58,4.84937,,
87.332,1070,0.000934579,1089.35,1082.54,4.85013,,
87.349,1101,0.000908265,1089.62,1082.51,4.85088,,
87.366,1097,0.000911577,1089.92,1082.47,4.85164,,
87.383,1077,0.000928505,1090.26,1082.43,4.85239,,
87.4,1077,0.000928505,1090.66,1082.39,4.85314,,
87.417,1086,0.00092081,1091.12,1082.35,4.8539,,
87.434,1064,0.00093985,1091.67,1082.32,4.85465,,
87.451,1083,0.000923361,1092.32,1082.28,4.8554,,
87.468,1121,0.000892061,1093.09,1082.24,4.85616,,
87.485,1077,0.000928505,1094.01,1082.2,4.85691,,
87.502,1115,0.000896861,1095.11,1082.16,4.85766,,
87.519,1069,0.000935454,1096.42,1082.13,4.85841,,
87.536,1034,0.000967118,1098,1082.09,4.85917,,
87.553,1051,0.000951475,1099.89,1082.05,4.85992,,
87.57,1079,0.000926784,1102.14,1082.01,4.86067,,
87.587,1078,0.000927644,1104.82,1081.97,4.86142,,
87.604,1119,0.000893655,1108,1081.93,4.86218,,
87.621,1057,0.000946074,1111.74,1081.9,4.86293,,
87.638,1073,0.000931966,1116.13,1081.86,4.86368,,
87.655,1063,0.000940734,1121.26,1081.82,4.86443,,
87.672,1084,0.000922509,1127.21,1081.78,4.86518,,
87.689,1124,0.00088968,1134.07,1081.74,4.86594,,
87.706,1065,0.000938967,1141.92,1081.7,4.86669,,
87.723,1100,0.000909091,1150.85,1081.67,4.86744,,
87.74,1130,0.000884956,1160.92,1081.63,4.86819,,
87.757,1141,0.000876424,1172.22,1081.59,4.86894,,
87.774,1131,0.000884173,1184.78,1081.55,4.86969,,
87.791,1144,0.000874126,1198.63,1081.51,4.87044,,
87.808,1163,0.000859845,1213.8,1081.48,4.87119,,
87.825,1132,0.000883392,1230.28,1081.44,4.87194,,
87.842,1159,0.000862813,1248.02,1081.4,4.8727,,
87.859,1186,0.00084317,1266.96,1081.36,4.87345,,
87.876,1169,0.000855432,1286.99,1081.32,4.8742,,
87.893,1183,0.000845309,1308,1081.28,4.87495,,
87.91,1162,0.000860585,1329.84,1081.24,4.8757,,
87.927,1253,0.000798085,1352.29,1081.21,4.87645,,
87.944,1265,0.000790514,1375.15,1081.17,4.8772,,
87.961,1250,0.0008,1398.14,1081.13,4.87795,,
87.978,1265,0.000790514,1421.02,1081.09,4.8787,,
87.995,1334,0.000749625,1443.47,1081.05,4.87945,,
88.012,1354,0.000738552,1465.18,1081.01,4.8802,,
88.029,1424,0.000702247,1485.83,1080.98,4.88095,,
88.046,1428,0.00070028,1505.08,1080.94,4.8817,,
88.063,1486,0.000672948,1522.64,1080.9,4.88244,,
88.08,1591,0.000628536,1538.21,1080.86,4.88319,,
88.097,1585,0.000630915,1551.56,1080.82,4.88394,,
88.114,1597,0.000626174,1562.48,1080.78,4.88469,,
88.131,1667,0.00059988,1570.86,1080.74,4.88544,,
88.148,1642,0.000609013,1576.63,1080.71,4.88619,,
88.165,1722,0.00058072,1579.8,1080.67,4.88694,,
88.182,1684,0.000593824,1580.44,1080.63,4.88769,,
88.199,1669,0.000599161,1578.65,1080.59,4.88844,,
88.216,1712,0.000584112,1574.6,1080.55,4.88918,,
88.233,1692,0.000591017,1568.43,1080.51,4.88993,,
88.25,1643,0.000608643,1560.34,1080.47,4.89068,,
88.267,1598,0.000625782,1550.5,1080.44,4.89143,,
88.284,1557,0.000642261,1539.11,1080.4,4.89218,,
88.301,1534,0.00065189,1526.35,1080.36,4.89292,,
88.318,1537,0.000650618,1512.39,1080.32,4.89367,,
88.335,1548,0.000645995,1497.41,1080.28,4.89442,,
88.352,1522,0.00065703,1481.62,1080.24,4.89517,,
88.369,1537,0.000650618,1465.2,1080.2,4.89591,,
88.386,1559,0.000641437,1448.36,1080.17,4.89666,,
88.403,1538,0.000650195,1431.3,1080.13,4.89741,,
88.42,1478,0.00067659,1414.23,1080.09,4.89815,,
88.437,1457,0.000686342,1397.35,1080.05,4.8989,,
88.454,1406,0.000711238,1380.85,1080.01,4.89965,,
88.471,1418,0.000705219,1364.91,1079.97,4.9004,,
88.488,1357,0.00073692,1349.66,1079.93,4.90114,,
88.505,1262,0.000792393,1335.22,1079.89,4.90189,,
88.522,1254,0.000797448,1321.69,1079.85,4.90263,,
88.539,1271,0.000786782,1309.15,1079.82,4.90338,,
88.556,1269,0.000788022,1297.63,1079.78,4.90413,,
88.573,1337,0.000747943,1287.15,1079.74,4.90487,,
88.59,1245,0.000803213,1277.68,1079.7,4.90562,,
88.607,1202,0.000831947,1269.21,1079.66,4.90637,,
88.624,1238,0.000807754,1261.68,1079.62,4.90711,,
88.641,1253,0.000798085,1255.03,1079.58,4.90786,,
88.658,1227,0.000814996,1249.15,1079.54,4.9086,,
88.675,1259,0.000794281,1243.97,1079.51,4.90935,,
88.692,1191,0.000839631,1239.36,1079.47,4.91009,,
88.709,1190,0.000840336,1235.22,1079.43,4.91084,,
88.726,1167,0.000856898,1231.46,1079.39,4.91158,,
88.743,1152,0.000868056,1227.95,1079.35,4.91233,,
88.76,1247,0.000801925,1224.61,1079.31,4.91307,,
88.777,1246,0.000802568,1221.36,1079.27,4.91382,,
88.794,1206,0.000829187,1218.14,1079.23,4.91456,,
88.811,1139,0.000877963,1214.89,1079.19,4.91531,,
88.828,1190,0.000840336,1211.57,1079.15,4.91605,,
88.845,1155,0.000865801,1208.14,1079.12,4.9168,,
88.862,1186,0.00084317,1204.6,1079.08,4.91754,,
88.879,1125,0.000888889,1200.93,1079.04,4.91828,,
88.896,1156,0.000865052,1197.11,1079,4.91903,,
88.913,1181,0.00084674,1193.15,1078.96,4.91977,,
88.93,1219,0.000820345,1189.04,1078.92,4.92052,,
88.947,1148,0.00087108,1184.79,1078.88,4.92126,,
88.964,1115,0.000896861,1180.4,1078.84,4.922,,
88.981,1164,0.000859107,1175.88,1078.8,4.92275,,
88.998,1139,0.000877963,1171.26,1078.76,4.92349,,
89.015,1111,0.00090009,1166.55,1078.72,4.92423,,
89.032,1152,0.000868056,1161.79,1078.69,4.92498,,
89.049,1145,0.000873362,1156.99,1078.65,4.92572,,
89.066,1099,0.000909918,1152.19,1078.61,4.92646,,
89.083,1141,0.000876424,1147.43,1078.57,4.9272,,
89.1,1125,0.000888889,1142.74,1078.53,4.92795,,
89.117,1144,0.000874126,1138.15,1078.49,4.92869,,
89.134,1140,0.000877193,1133.68,1078.45,4.92943,,
89.151,1125,0.000888889,1129.37,1078.41,4.93017,,
89.168,1133,0.000882613,1125.23,1078.37,4.93092,,
89.185,1097,0.000911577,1121.29,1078.33,4.93166,,
89.202,1064,0.00093985,1117.55,1078.29,4.9324,,
89.219,1071,0.000933707,1114.03,1078.25,4.93314,,
89.236,1106,0.000904159,1110.73,1078.22,4.93389,,
89.253,1113,0.000898473,1107.66,1078.18,4.93463,,
89.27,1092,0.000915751,1104.81,1078.14,4.93537,,
89.287,1066,0.000938086,1102.19,1078.1,4.93611,,
89.304,1044,0.000957854,1099.8,1078.06,4.93685,,
89.321,1077,0.000928505,1097.61,1078.02,4.93759,,
89.338,1089,0.000918274,1095.64,1077.98,4.93833,,
89.355,1098,0.000910747,1093.85,1077.94,4.93908,,
89.372,1073,0.000931966,1092.26,1077.9,4.93982,,
89.389,1085,0.000921659,1090.83,1077.86,4.94056,,
89.406,1080,0.000925926,1089.56,1077.82,4.9413,,
89.423,1043,0.000958773,1088.44,1077.78,4.94204,,
89.44,1038,0.000963391,1087.45,1077.74,4.94278,,
89.457,1014,0.000986193,1086.58,1077.7,4.94352,,
89.474,1031,0.000969932,1085.82,1077.66,4.94426,,
89.491,1076,0.000929368,1085.15,1077.63,4.945,,
89.508,1045,0.000956938,1084.56,1077.59,4.94574,,
89.525,1067,0.000937207,1084.05,1077.55,4.94648,,
89.542,1092,0.000915751,1083.6,1077.51,4.94722,,
89.559,1107,0.000903342,1083.21,1077.47,4.94796,,
89.576,1075,0.000930233,1082.87,1077.43,4.9487,,
89.593,1035,0.000966184,1082.56,1077.39,4.94944,,
89.61,1043,0.000958773,1082.29,1077.35,4.95018,,
89.627,1046,0.000956023,1082.05,1077.31,4.95092,,
89.644,1085,0.000921659,1081.83,1077.27,4.95166,,
89.661,1029,0.000971817,1081.64,1077.23,4.9524,,
89.678,1041,0.000960615,1081.46,1077.19,4.95313,,
89.695,1066,0.000938086,1081.29,1077.15,4.95387,,
89.712,1125,0.000888889,1081.14,1077.11,4.95461,,
89.729,1055,0.000947867,1081,1077.07,4.95535,,
89.746,1073,0.000931966,1080.87,1077.03,4.95609,,
89.763,1117,0.000895255,1080.74,1076.99,4.95683,,
89.78,1077,0.000928505,1080.62,1076.95,4.95757,,
89.797,1104,0.000905797,1080.5,1076.91,4.9583,,
89.814,1051,0.000951475,1080.39,1076.87,4.95904,,
89.831,1023,0.000977517,1080.29,1076.83,4.95978,,
89.848,1105,0.000904977,1080.19,1076.79,4.96052,,
89.865,1087,0.000919963,1080.09,1076.75,4.96126,,
89.882,1093,0.000914913,1079.99,1076.72,4.96199,,
89.899,1050,0.000952381,1079.9,1076.68,4.96273,,
89.916,1044,0.000957854,1079.81,1076.64,4.96347,,
89.933,1038,0.000963391,1079.72,1076.6,4.96421,,
89.95,1036,0.000965251,1079.64,1076.56,4.96494,,
89.967,1055,0.000947867,1079.55,1076.52,4.96568,,
89.984,1075,0.000930233,1079.47,1076.48,4.96642,,
90.001,1077,0.000928505,1079.39,1076.44,4.96716,,
90.018,1019,0.000981354,1079.31,1076.4,4.96789,,
90.035,1022,0.000978474,1079.24,1076.36,4.96863,,
90.052,1049,0.000953289,1079.16,1076.32,4.96937,,
90.069,1092,0.000915751,1079.09,1076.28,4.9701,,
90.086,1076,0.000929368,1079.02,1076.24,4.97084,,
90.103,1061,0.000942507,1078.95,1076.2,4.97157,,
90.12,1089,0.000918274,1078.88,1076.16,4.97231,,
90.137,1061,0.000942507,1078.81,1076.12,4.97305,,
90.154,1056,0.00094697,1078.74,1076.08,4.97378,,
90.171,1082,0.000924214,1078.68,1076.04,4.97452,,
90.188,1059,0.000944287,1078.61,1076,4.97525,,
90.205,1008,0.000992063,1078.55,1075.96,4.97599,,
90.222,1032,0.000968992,1078.49,1075.92,4.97673,,
90.239,1025,0.00097561,1078.43,1075.88,4.97746,,
90.256,1027,0.00097371,1078.37,1075.84,4.9782,,
90.273,1065,0.000938967,1078.31,1075.8,4.97893,,
90.29,1056,0.00094697,1078.25,1075.76,4.97967,,
90.307,1075,0.000930233,1078.19,1075.72,4.9804,,
90.324,1094,0.000914077,1078.14,1075.68,4.98114,,
90.341,1111,0.00090009,1078.08,1075.64,4.98187,,
90.358,1090,0.000917431,1078.03,1075.6,4.98261,,
90.375,1060,0.000943396,1077.98,1075.56,4.98334,,
90.392,1063,0.000940734,1077.92,1075.52,4.98407,,
90.409,1072,0.000932836,1077.87,1075.48,4.98481,,
90.426,1088,0.000919118,1077.82,1075.44,4.98554,,
90.443,1087,0.000919963,1077.77,1075.4,4.98628,,
90.46,1066,0.000938086,1077.72,1075.36,4.98701,,
90.477,1081,0.000925069,1077.67,1075.32,4.98774,,
90.494,1101,0.000908265,1077.62,1075.28,4.98848,,
90.511,1073,0.000931966,1077.58,1075.24,4.98921,,
90.528,1116,0.000896057,1077.53,1075.2,4.98995,,
90.545,1089,0.000918274,1077.49,1075.16,4.99068,,
90.562,1034,0.000967118,1077.44,1075.12,4.99141,,
90.579,1041,0.000960615,1077.4,1075.08,4.99215,,
90.596,1033,0.000968054,1077.35,1075.04,4.99288,,
90.613,1031,0.000969932,1077.31,1075,4.99361,,
90.63,1015,0.000985222,1077.27,1074.96,4.99434,,
90.647,1049,0.000953289,1077.23,1074.92,4.99508,,
90.664,1048,0.000954198,1077.19,1074.88,4.99581,,
90.681,1038,0.000963391,1077.15,1074.84,4.99654,,
90.698,1041,0.000960615,1077.11,1074.8,4.99728,,
90.715,1048,0.000954198,1077.07,1074.76,4.99801,,
90.732,1025,0.00097561,1077.03,1074.72,4.99874,,
90.749,1117,0.000895255,1076.99,1074.68,4.99947,,
90.766,1037,0.00096432,1076.96,1074.64,5.0002,,
90.783,1113,0.000898473,1076.92,1074.6,5.00094,,
90.8,1068,0.00093633,1076.88,1074.56,5.00167,,
90.817,1050,0.000952381,1076.85,1074.52,5.0024,,
90.834,1029,0.000971817,1076.81,1074.47,5.00313,,
90.851,1041,0.000960615,1076.78,1074.43,5.00386,,
90.868,1115,0.000896861,1076.75,1074.39,5.00459,,
90.885,1036,0.000965251,1076.72,1074.35,5.00532,,
90.902,1041,0.000960615,1076.68,1074.31,5.00606,,
90.919,1074,0.000931099,1076.65,1074.27,5.00679,,
90.936,1038,0.000963391,1076.62,1074.23,5.00752,,
90.953,1075,0.000930233,1076.59,1074.19,5.00825,,
90.97,1087,0.000919963,1076.57,1074.15,5.00898,,
90.987,1107,0.000903342,1076.54,1074.11,5.00971,,
91.004,1100,0.000909091,1076.51,1074.07,5.01044,,
91.021,1023,0.000977517,1076.48,1074.03,5.01117,,
91.038,1062,0.00094162,1076.46,1073.99,5.0119,,
91.055,1060,0.000943396,1076.43,1073.95,5.01263,,
91.072,1088,0.000919118,1076.41,1073.91,5.01336,,
91.089,1065,0.000938967,1076.39,1073.87,5.01409,,
91.106,1098,0.000910747,1076.36,1073.83,5.01482,,
91.123,1095,0.000913242,1076.34,1073.79,5.01555,,
91.14,1061,0.000942507,1076.32,1073.75,5.01628,,
91.157,1047,0.00095511,1076.3,1073.71,5.01701,,
91.174,1076,0.000929368,1076.28,1073.67,5.01774,,
91.191,1100,0.000909091,1076.27,1073.63,5.01847,,
91.208,1117,0.000895255,1076.25,1073.59,5.0192,,
91.225,1090,0.000917431,1076.23,1073.54,5.01993,,
91.242,1100,0.000909091,1076.22,1073.5,5.02066,,
91.259,1086,0.00092081,1076.2,1073.46,5.02138,,
91.276,1067,0.000937207,1076.19,1073.42,5.02211,,
91.293,1078,0.000927644,1076.18,1073.38,5.02284,,
91.31,1073,0.000931966,1076.17,1073.34,5.02357,,
91.327,1087,0.000919963,1076.16,1073.3,5.0243,,
91.344,1084,0.000922509,1076.15,1073.26,5.02503,,
91.361,1120,0.000892857,1076.14,1073.22,5.02575,,
91.378,1153,0.000867303,1076.13,1073.18,5.02648,,
91.395,1072,0.000932836,1076.13,1073.14,5.02721,,
91.412,1044,0.000957854,1076.12,1073.1,5.02794,,
91.429,1094,0.000914077,1076.12,1073.06,5.02867,,
91.446,1128,0.000886525,1076.12,1073.02,5.02939,,
91.463,1067,0.000937207,1076.12,1072.98,5.03012,,
91.48,1069,0.000935454,1076.13,1072.94,5.03085,,
91.497,1106,0.000904159,1076.13,1072.89,5.03158,,
91.514,1087,0.000919963,1076.14,1072.85,5.0323,,
91.531,1128,0.000886525,1076.14,1072.81,5.03303,,
91.548,1049,0.000953289,1076.15,1072.77,5.03376,,
91.565,1083,0.000923361,1076.16,1072.73,5.03448,,
91.582,1035,0.000966184,1076.18,1072.69,5.03521,,
91.599,1113,0.000898473,1076.19,1072.65,5.03594,,
91.616,1092,0.000915751,1076.21,1072.61,5.03666,,
91.633,1051,0.000951475,1076.23,1072.57,5.03739,,
91.65,1038,0.000963391,1076.25,1072.53,5.03812,,
91.667,1081,0.000925069,1076.27,1072.49,5.03884,,
91.684,1043,0.000958773,1076.3,1072.45,5.03957,,
91.701,1069,0.000935454,1076.33,1072.4,5.04029,,
91.718,1097,0.000911577,1076.36,1072.36,5.04102,,
91.735,1086,0.00092081,1076.4,1072.32,5.04175,,
91.752,1077,0.000928505,1076.43,1072.28,5.04247,,
91.769,1086,0.00092081,1076.47,1072.24,5.0432,,
91.786,1020,0.000980392,1076.52,1072.2,5.04392,,
91.803,1073,0.000931966,1076.57,1072.16,5.04465,,
91.82,1042,0.000959693,1076.62,1072.12,5.04537,,
91.837,1098,0.000910747,1076.67,1072.08,5.0461,,
91.854,1083,0.000923361,1076.73,1072.04,5.04682,,
91.871,1054,0.000948767,1076.79,1072,5.04755,,
91.888,1067,0.000937207,1076.86,1071.95,5.04827,,
91.905,1072,0.000932836,1076.93,1071.91,5.049,,
91.922,1154,0.000866551,1077.01,1071.87,5.04972,,
91.939,1069,0.000935454,1077.09,1071.83,5.05045,,
91.956,1054,0.000948767,1077.18,1071.79,5.05117,,
91.973,1071,0.000933707,1077.28,1071.75,5.05189,,
91.99,1102,0.000907441,1077.38,1071.71,5.05262,,
92.007,1073,0.000931966,1077.49,1071.67,5.05334,,
92.024,1077,0.000928505,1077.61,1071.63,5.05407,,
92.041,1069,0.000935454,1077.73,1071.58,5.05479,,
92.058,1044,0.000957854,1077.87,1071.54,5.05551,,
92.075,1057,0.000946074,1078.02,1071.5,5.05624,,
92.092,1036,0.000965251,1078.18,1071.46,5.05696,,
92.109,1055,0.000947867,1078.36,1071.42,5.05768,,
92.126,1081,0.000925069,1078.56,1071.38,5.05841,,
92.143,1112,0.000899281,1078.78,1071.34,5.05913,,
92.16,1098,0.000910747,1079.03,1071.3,5.05985,,
92.177,1066,0.000938086,1079.3,1071.26,5.06057,,
92.194,1106,0.000904159,1079.61,1071.21,5.0613,,
92.211,1111,0.00090009,1079.97,1071.17,5.06202,,
92.228,1094,0.000914077,1080.38,1071.13,5.06274,,
92.245,1125,0.000888889,1080.85,1071.09,5.06346,,
92.262,1115,0.000896861,1081.4,1071.05,5.06419,,
92.279,1102,0.000907441,1082.03,1071.01,5.06491,,
92.296,1114,0.000897666,1082.77,1070.97,5.06563,,
92.313,1091,0.00091659,1083.64,1070.93,5.06635,,
92.33,1096,0.000912409,1084.65,1070.88,5.06707,,
92.347,1081,0.000925069,1085.84,1070.84,5.0678,,
92.364,1054,0.000948767,1087.24,1070.8,5.06852,,
92.381,1060,0.000943396,1088.87,1070.76,5.06924,,
92.398,1102,0.000907441,1090.77,1070.72,5.06996,,
92.415,1091,0.00091659,1092.99,1070.68,5.07068,,
92.432,1083,0.000923361,1095.57,1070.64,5.0714,,
92.449,1080,0.000925926,1098.56,1070.6,5.07212,,
92.466,1103,0.000906618,1102.01,1070.55,5.07285,,
92.483,1112,0.000899281,1105.97,1070.51,5.07357,,
92.5,1129,0.00088574,1110.51,1070.47,5.07429,,
92.517,1123,0.000890472,1115.69,1070.43,5.07501,,
92.534,1115,0.000896861,1121.56,1070.39,5.07573,,
92.551,1106,0.000904159,1128.19,1070.35,5.07645,,
92.568,1156,0.000865052,1135.63,1070.31,5.07717,,
92.585,1105,0.000904977,1143.95,1070.26,5.07789,,
92.602,1165,0.000858369,1153.21,1070.22,5.07861,,
92.619,1157,0.000864304,1163.43,1070.18,5.07933,,
92.636,1126,0.000888099,1174.69,1070.14,5.08005,,
92.653,1105,0.000904977,1187,1070.1,5.08077,,
92.67,1146,0.0008726,1200.39,1070.06,5.08149,,
92.687,1176,0.00085034,1214.88,1070.01,5.08221,,
92.704,1190,0.000840336,1230.44,1069.97,5.08293,,
92.721,1159,0.000862813,1247.1,1069.93,5.08365,,
92.738,1160,0.000862069,1264.8,1069.89,5.08436,,
92.755,1209,0.00082713,1283.5,1069.85,5.08508,,
92.772,1181,0.00084674,1303.14,1069.81,5.0858,,
92.789,1255,0.000796813,1323.61,1069.77,5.08652,,
92.806,1287,0.000777001,1344.82,1069.72,5.08724,,
92.823,1279,0.000781861,1366.65,1069.68,5.08796,,
92.84,1267,0.000789266,1388.95,1069.64,5.08868,,
92.857,1306,0.000765697,1411.55,1069.6,5.0894,,
92.874,1338,0.000747384,1434.27,1069.56,5.09011,,
92.891,1379,0.000725163,1456.93,1069.52,5.09083,,
92.908,1415,0.000706714,1479.32,1069.47,5.09155,,
92.925,1407,0.000710732,1501.24,1069.43,5.09227,,
92.942,1485,0.000673401,1522.48,1069.39,5.09299,,
92.959,1451,0.00068918,1542.84,1069.35,5.0937,,
92.976,1473,0.000678887,1562.15,1069.31,5.09442,,
92.993,1559,0.000641437,1580.24,1069.27,5.09514,,
93.01,1580,0.000632911,1596.92,1069.22,5.09586,,
93.027,1566,0.00063857,1612.07,1069.18,5.09657,,
93.044,1509,0.000662691,1625.54,1069.14,5.09729,,
93.061,1524,0.000656168,1637.2,1069.1,5.09801,,
93.078,1566,0.00063857,1646.94,1069.06,5.09872,,
93.095,1634,0.000611995,1654.64,1069.02,5.09944,,
93.112,1580,0.000632911,1660.22,1068.97,5.10016,,
93.129,1603,0.00062383,1663.59,1068.93,5.10087,,
93.146,1660,0.00060241,1664.72,1068.89,5.10159,,
93.163,1698,0.000588928,1663.57,1068.85,5.10231,,
93.18,1701,0.000587889,1660.18,1068.81,5.10302,,
93.197,1705,0.00058651,1654.58,1068.76,5.10374,,
93.214,1730,0.000578035,1646.89,1068.72,5.10445,,
93.231,1753,0.000570451,1637.18,1068.68,5.10517,,
93.248,1785,0.000560224,1625.63,1068.64,5.10589,,
93.265,1815,0.000550964,1612.38,1068.6,5.1066,,
93.282,1763,0.000567215,1597.62,1068.55,5.10732,,
93.299,1679,0.000595593,1581.53,1068.51,5.10803,,
93.316,1666,0.00060024,1564.27,1068.47,5.10875,,
93.333,1682,0.00059453,1546.01,1068.43,5.10946,,
93.35,1621,0.000616903,1526.93,1068.39,5.11018,,
93.367,1577,0.000634115,1507.19,1068.35,5.11089,,
93.384,1562,0.000640205,1486.95,1068.3,5.11161,,
93.401,1556,0.000642674,1466.33,1068.26,5.11232,,
93.418,1545,0.000647249,1445.47,1068.22,5.11304,,
93.435,1506,0.000664011,1424.53,1068.18,5.11375,,
93.452,1433,0.000697837,1403.62,1068.14,5.11447,,
93.469,1442,0.000693481,1382.89,1068.09,5.11518,,
93.486,1455,0.000687285,1362.45,1068.05,5.1159,,
93.503,1418,0.000705219,1342.43,1068.01,5.11661,,
93.52,1426,0.000701262,1322.93,1067.97,5.11732,,
93.537,1427,0.000700771,1304.05,1067.93,5.11804,,
93.554,1380,0.000724638,1285.87,1067.88,5.11875,,
93.571,1312,0.000762195,1268.47,1067.84,5.11946,,
93.588,1334,0.000749625,1251.91,1067.8,5.12018,,
93.605,1305,0.000766284,1236.22,1067.76,5.12089,,
93.622,1296,0.000771605,1221.45,1067.71,5.1216,,
93.639,1291,0.000774593,1207.62,1067.67,5.12232,,
93.656,1223,0.000817661,1194.72,1067.63,5.12303,,
93.673,1223,0.000817661,1182.78,1067.59,5.12374,,
93.69,1193,0.000838223,1171.77,1067.55,5.12446,,
93.707,1213,0.000824402,1161.69,1067.5,5.12517,,
93.724,1138,0.000878735,1152.52,1067.46,5.12588,,
93.741,1137,0.000879507,1144.23,1067.42,5.12659,,
93.758,1197,0.000835422,1136.8,1067.38,5.12731,,
93.775,1181,0.00084674,1130.19,1067.33,5.12802,,
93.792,1103,0.000906618,1124.37,1067.29,5.12873,,
93.809,1118,0.000894454,1119.31,1067.25,5.12944,,
93.826,1142,0.000875657,1114.97,1067.21,5.13016,,
93.843,1187,0.00084246,1111.32,1067.17,5.13087,,
93.86,1107,0.000903342,1108.33,1067.12,5.13158,,
93.877,1125,0.000888889,1105.95,1067.08,5.13229,,
93.894,1057,0.000946074,1104.17,1067.04,5.133,,
93.911,1070,0.000934579,1102.95,1067,5.13371,,
93.928,1096,0.000912409,1102.26,1066.95,5.13442,,
93.945,1112,0.000899281,1102.07,1066.91,5.13514,,
93.962,1072,0.000932836,1102.36,1066.87,5.13585,,
93.979,1087,0.000919963,1103.1,1066.83,5.13656,,
93.996,1152,0.000868056,1104.27,1066.78,5.13727,,
94.013,1139,0.000877963,1105.84,1066.74,5.13798,,
94.03,1109,0.000901713,1107.79,1066.7,5.13869,,
94.047,1171,0.000853971,1110.09,1066.66,5.1394,,
94.064,1151,0.00086881,1112.71,1066.62,5.14011,,
94.081,1140,0.000877193,1115.62,1066.57,5.14082,,
94.098,1148,0.00087108,1118.8,1066.53,5.14153,,
94.115,1104,0.000905797,1122.2,1066.49,5.14224,,
94.132,1110,0.000900901,1125.8,1066.45,5.14295,,
94.149,1120,0.000892857,1129.55,1066.4,5.14366,,
94.166,1125,0.000888889,1133.41,1066.36,5.14437,,
94.183,1108,0.000902527,1137.34,1066.32,5.14508,,
94.2,1132,0.000883392,1141.29,1066.28,5.14579,,
94.217,1173,0.000852515,1145.22,1066.23,5.1465,,
94.234,1145,0.000873362,1149.07,1066.19,5.14721,,
94.251,1159,0.000862813,1152.79,1066.15,5.14792,,
94.268,1167,0.000856898,1156.32,1066.11,5.14863,,
94.285,1190,0.000840336,1159.63,1066.06,5.14933,,
94.302,1186,0.00084317,1162.65,1066.02,5.15004,,
94.319,1185,0.000843882,1165.35,1065.98,5.15075,,
94.336,1190,0.000840336,1167.68,1065.94,5.15146,,
94.353,1162,0.000860585,1169.62,1065.89,5.15217,,
94.37,1217,0.000821693,1171.14,1065.85,5.15288,,
94.387,1232,0.000811688,1172.22,1065.81,5.15359,,
94.404,1228,0.000814332,1172.87,1065.76,5.15429,,
94.421,1226,0.000815661,1173.07,1065.72,5.155,,
94.438,1212,0.000825083,1172.86,1065.68,5.15571,,
94.455,1216,0.000822368,1172.23,1065.64,5.15642,,
94.472,1240,0.000806452,1171.21,1065.59,5.15713,,
94.489,1193,0.000838223,1169.82,1065.55,5.15783,,
94.506,1243,0.000804505,1168.1,1065.51,5.15854,,
94.523,1191,0.000839631,1166.05,1065.47,5.15925,,
94.54,1189,0.000841043,1163.71,1065.42,5.15995,,
94.557,1206,0.000829187,1161.11,1065.38,5.16066,,
94.574,1167,0.000856898,1158.26,1065.34,5.16137,,
94.591,1228,0.000814332,1155.19,1065.3,5.16208,,
94.608,1160,0.000862069,1151.92,1065.25,5.16278,,
94.625,1190,0.000840336,1148.49,1065.21,5.16349,,
94.642,1178,0.000848896,1144.92,1065.17,5.1642,,
94.659,1177,0.000849618,1141.23,1065.12,5.1649,,
94.676,1157,0.000864304,1137.46,1065.08,5.16561,,
94.693,1125,0.000888889,1133.63,1065.04,5.16631,,
94.71,1158,0.000863558,1129.78,1065,5.16702,,
94.727,1178,0.000848896,1125.93,1064.95,5.16773,,
94.744,1175,0.000851064,1122.11,1064.91,5.16843,,
94.761,1173,0.000852515,1118.35,1064.87,5.16914,,
94.778,1170,0.000854701,1114.67,1064.82,5.16984,,
94.795,1194,0.000837521,1111.09,1064.78,5.17055,,
94.812,1136,0.000880282,1107.62,1064.74,5.17125,,
94.829,1134,0.000881834,1104.29,1064.7,5.17196,,
94.846,1137,0.000879507,1101.11,1064.65,5.17266,,
94.863,1129,0.00088574,1098.08,1064.61,5.17337,,
94.88,1140,0.000877193,1095.21,1064.57,5.17407,,
94.897,1111,0.00090009,1092.51,1064.52,5.17478,,
94.914,1068,0.00093633,1089.98,1064.48,5.17548,,
94.931,1108,0.000902527,1087.62,1064.44,5.17619,,
94.948,1071,0.000933707,1085.43,1064.39,5.17689,,
94.965,1117,0.000895255,1083.41,1064.35,5.1776,,
94.982,1097,0.000911577,1081.55,1064.31,5.1783,,
94.999,1078,0.000927644,1079.85,1064.27,5.17901,,
95.016,1083,0.000923361,1078.3,1064.22,5.17971,,
95.033,1123,0.000890472,1076.89,1064.18,5.18041,,
95.05,1062,0.00094162,1075.62,1064.14,5.18112,,
95.067,1055,0.000947867,1074.47,1064.09,5.18182,,
95.084,1073,0.000931966,1073.45,1064.05,5.18252,,
95.101,1085,0.000921659,1072.53,1064.01,5.18323,,
95.118,1052,0.00095057,1071.71,1063.96,5.18393,,
95.135,1043,0.000958773,1070.98,1063.92,5.18463,,
95.152,1096,0.000912409,1070.34,1063.88,5.18534,,
95.169,1122,0.000891266,1069.77,1063.83,5.18604,,
95.186,1050,0.000952381,1069.26,1063.79,5.18674,,
95.203,1062,0.00094162,1068.82,1063.75,5.18745,,
95.22,1063,0.000940734,1068.42,1063.71,5.18815,,
95.237,1044,0.000957854,1068.07,1063.66,5.18885,,
95.254,1063,0.000940734,1067.76,1063.62,5.18955,,
95.271,1051,0.000951475,1067.48,1063.58,5.19026,,
95.288,1084,0.000922509,1067.24,1063.53,5.19096,,
95.305,1098,0.000910747,1067.01,1063.49,5.19166,,
95.322,1066,0.000938086,1066.81,1063.45,5.19236,,
95.339,1042,0.000959693,1066.63,1063.4,5.19306,,
95.356,1065,0.000938967,1066.47,1063.36,5.19377,,
95.373,1073,0.000931966,1066.31,1063.32,5.19447,,
95.39,1050,0.000952381,1066.17,1063.27,5.19517,,
95.407,1093,0.000914913,1066.04,1063.23,5.19587,,
95.424,1084,0.000922509,1065.91,1063.19,5.19657,,
95.441,1059,0.000944287,1065.8,1063.14,5.19727,,
95.458,1044,0.000957854,1065.68,1063.1,5.19797,,
95.475,1060,0.000943396,1065.58,1063.06,5.19867,,
95.492,1040,0.000961538,1065.47,1063.01,5.19937,,
95.509,1084,0.000922509,1065.37,1062.97,5.20008,,
95.526,1087,0.000919963,1065.28,1062.93,5.20078,,
95.543,1065,0.000938967,1065.18,1062.88,5.20148,,
95.56,1033,0.000968054,1065.09,1062.84,5.20218,,
95.577,992,0.00100806,1065,1062.8,5.20288,,
95.594,1039,0.000962464,1064.92,1062.75,5.20358,,
95.611,1027,0.00097371,1064.83,1062.71,5.20428,,
95.628,1087,0.000919963,1064.75,1062.67,5.20498,,
95.645,1025,0.00097561,1064.67,1062.62,5.20568,,
95.662,1094,0.000914077,1064.59,1062.58,5.20638,,
95.679,1086,0.00092081,1064.51,1062.54,5.20708,,
95.696,1061,0.000942507,1064.43,1062.49,5.20778,,
95.713,1111,0.00090009,1064.35,1062.45,5.20847,,
95.73,1113,0.000898473,1064.27,1062.41,5.20917,,
95.747,1103,0.000906618,1064.2,1062.36,5.20987,,
95.764,1046,0.000956023,1064.13,1062.32,5.21057,,
95.781,1078,0.000927644,1064.05,1062.27,5.21127,,
95.798,1094,0.000914077,1063.98,1062.23,5.21197,,
95.815,1019,0.000981354,1063.91,1062.19,5.21267,,
95.832,1068,0.00093633,1063.84,1062.14,5.21337,,
95.849,1077,0.000928505,1063.77,1062.1,5.21406,,
95.866,1080,0.000925926,1063.7,1062.06,5.21476,,
95.883,1043,0.000958773,1063.63,1062.01,5.21546,,
95.9,1028,0.000972763,1063.56,1061.97,5.21616,,
95.917,1014,0.000986193,1063.49,1061.93,5.21686,,
95.934,1050,0.000952381,1063.43,1061.88,5.21756,,
95.951,1065,0.000938967,1063.36,1061.84,5.21825,,
95.968,1106,0.000904159,1063.29,1061.79,5.21895,,
95.985,1046,0.000956023,1063.23,1061.75,5.21965,,
96.002,1051,0.000951475,1063.16,1061.71,5.22035,,
96.019,1051,0.000951475,1063.1,1061.66,5.22104,,
96.036,1042,0.000959693,1063.04,1061.62,5.22174,,
96.053,1057,0.000946074,1062.97,1061.58,5.22244,,
96.07,1045,0.000956938,1062.91,1061.53,5.22313,,
96.087,1044,0.000957854,1062.85,1061.49,5.22383,,
96.104,1065,0.000938967,1062.79,1061.45,5.22453,,
96.121,1092,0.000915751,1062.72,1061.4,5.22522,,
96.138,1074,0.000931099,1062.66,1061.36,5.22592,,
96.155,1063,0.000940734,1062.6,1061.31,5.22662,,
96.172,1062,0.00094162,1062.54,1061.27,5.22731,,
96.189,1067,0.000937207,1062.48,1061.23,5.22801,,
96.206,1050,0.000952381,1062.42,1061.18,5.2287,,
96.223,1036,0.000965251,1062.36,1061.14,5.2294,,
96.24,1069,0.000935454,1062.3,1061.09,5.2301,,
96.257,1057,0.000946074,1062.25,1061.05,5.23079,,
96.274,1020,0.000980392,1062.19,1061.01,5.23149,,
96.291,1065,0.000938967,1062.13,1060.96,5.23218,,
96.308,1070,0.000934579,1062.07,1060.92,5.23288,,
96.325,1046,0.000956023,1062.01,1060.88,5.23357,,
96.342,1033,0.000968054,1061.96,1060.83,5.23427,,
96.359,1076,0.000929368,1061.9,1060.79,5.23496,,
96.376,1097,0.000911577,1061.84,1060.74,5.23566,,
96.393,1076,0.000929368,1061.79,1060.7,5.23635,,
96.41,1082,0.000924214,1061.73,1060.66,5.23705,,
96.427,1077,0.000928505,1061.67,1060.61,5.23774,,
96.444,1045,0.000956938,1061.62,1060.57,5.23844,,
96.461,1073,0.000931966,1061.56,1060.52,5.23913,,
96.478,1042,0.000959693,1061.51,1060.48,5.23982,,
96.495,1017,0.000983284,1061.45,1060.44,5.24052,,
96.512,1021,0.000979432,1061.4,1060.39,5.24121,,
96.529,1092,0.000915751,1061.34,1060.35,5.24191,,
96.546,1023,0.000977517,1061.29,1060.3,5.2426,,
96.563,1104,0.000905797,1061.23,1060.26,5.24329,,
96.58,1063,0.000940734,1061.18,1060.22,5.24399,,
96.597,1064,0.00093985,1061.12,1060.17,5.24468,,
96.614,996,0.00100402,1061.07,1060.13,5.24537,,
96.631,1072,0.000932836,1061.02,1060.08,5.24607,,
96.648,1016,0.000984252,1060.96,1060.04,5.24676,,
96.665,1060,0.000943396,1060.91,1060,5.24745,,
96.682,1145,0.000873362,1060.86,1059.95,5.24815,,
96.699,1033,0.000968054,1060.8,1059.91,5.24884,,
96.716,1006,0.000994036,1060.75,1059.86,5.24953,,
96.733,1106,0.000904159,1060.7,1059.82,5.25022,,
96.75,1079,0.000926784,1060.64,1059.77,5.25091,,
96.767,1123,0.000890472,1060.59,1059.73,5.25161,,
96.784,1112,0.000899281,1060.54,1059.69,5.2523,,
96.801,1059,0.000944287,1060.49,1059.64,5.25299,,
96.818,1072,0.000932836,1060.43,1059.6,5.25368,,
96.835,1051,0.000951475,1060.38,1059.55,5.25437,,
96.852,1055,0.000947867,1060.33,1059.51,5.25507,,
96.869,1048,0.000954198,1060.28,1059.47,5.25576,,
96.886,1058,0.00094518,1060.23,1059.42,5.25645,,
96.903,1066,0.000938086,1060.17,1059.38,5.25714,,
96.92,1092,0.000915751,1060.12,1059.33,5.25783,,
96.937,1091,0.00091659,1060.07,1059.29,5.25852,,
96.954,1106,0.000904159,1060.02,1059.24,5.25921,,
96.971,1072,0.000932836,1059.97,1059.2,5.2599,,
96.988,1063,0.000940734,1059.92,1059.16,5.26059,,
97.005,1097,0.000911577,1059.87,1059.11,5.26129,,
97.022,1150,0.000869565,1059.82,1059.07,5.26198,,
97.039,1100,0.000909091,1059.76,1059.02,5.26267,,
97.056,1019,0.000981354,1059.71,1058.98,5.26336,,
97.073,1063,0.000940734,1059.66,1058.93,5.26405,,
97.09,1110,0.000900901,1059.61,1058.89,5.26474,,
97.107,1082,0.000924214,1059.56,1058.84,5.26543,,
97.124,1108,0.000902527,1059.51,1058.8,5.26612,,
97.141,1112,0.000899281,1059.46,1058.76,5.26681,,
97.158,1082,0.000924214,1059.41,1058.71,5.2675,,
97.175,1096,0.000912409,1059.36,1058.67,5.26818,,
97.192,1114,0.000897666,1059.31,1058.62,5.26887,,
97.209,1064,0.00093985,1059.26,1058.58,5.26956,,
97.226,1061,0.000942507,1059.21,1058.53,5.27025,,
97.243,1097,0.000911577,1059.16,1058.49,5.27094,,
97.26,1075,0.000930233,1059.11,1058.44,5.27163,,
97.277,1110,0.000900901,1059.06,1058.4,5.27232,,
97.294,1111,0.00090009,1059.01,1058.36,5.27301,,
97.311,1100,0.000909091,1058.96,1058.31,5.2737,,
97.328,1093,0.000914913,1058.91,1058.27,5.27438,,
97.345,1078,0.000927644,1058.86,1058.22,5.27507,,
97.362,1097,0.000911577,1058.81,1058.18,5.27576,,
97.379,1094,0.000914077,1058.76,1058.13,5.27645,,
97.396,1120,0.000892857,1058.71,1058.09,5.27714,,
97.413,1057,0.000946074,1058.66,1058.04,5.27782,,
97.43,1093,0.000914913,1058.61,1058,5.27851,,
97.447,1136,0.000880282,1058.56,1057.95,5.2792,,
97.464,1125,0.000888889,1058.51,1057.91,5.27989,,
97.481,1067,0.000937207,1058.47,1057.87,5.28057,,
97.498,1071,0.000933707,1058.42,1057.82,5.28126,,
97.515,1070,0.000934579,1058.37,1057.78,5.28195,,
97.532,1114,0.000897666,1058.32,1057.73,5.28263,,
97.549,1072,0.000932836,1058.27,1057.69,5.28332,,
97.566,1067,0.000937207,1058.22,1057.64,5.28401,,
97.583,1109,0.000901713,1058.17,1057.6,5.28469,,
97.6,1101,0.000908265,1058.12,1057.55,5.28538,,
97.617,1061,0.000942507,1058.07,1057.51,5.28607,,
97.634,1051,0.000951475,1058.02,1057.46,5.28675,,
97.651,1040,0.000961538,1057.98,1057.42,5.28744,,
97.668,1030,0.000970874,1057.93,1057.37,5.28813,,
97.685,1060,0.000943396,1057.88,1057.33,5.28881,,
97.702,1099,0.000909918,1057.83,1057.28,5.2895,,
97.719,1088,0.000919118,1057.78,1057.24,5.29018,,
97.736,1059,0.000944287,1057.73,1057.19,5.29087,,
97.753,1075,0.000930233,1057.68,1057.15,5.29155,,
97.77,1071,0.000933707,1057.64,1057.1,5.29224,,
97.787,1092,0.000915751,1057.59,1057.06,5.29293,,
97.804,1086,0.00092081,1057.54,1057.01,5.29361,,
97.821,1056,0.00094697,1057.49,1056.97,5.2943,,
97.838,1069,0.000935454,1057.44,1056.93,5.29498,,
97.855,1082,0.000924214,1057.39,1056.88,5.29566,,
97.872,1074,0.000931099,1057.34,1056.84,5.29635,,
97.889,1086,0.00092081,1057.3,1056.79,5.29703,,
97.906,1126,0.000888099,1057.25,1056.75,5.29772,,
97.923,1088,0.000919118,1057.2,1056.7,5.2984,,
97.94,1059,0.000944287,1057.15,1056.66,5.29909,,
97.957,1045,0.000956938,1057.1,1056.61,5.29977,,
97.974,1052,0.00095057,1057.05,1056.57,5.30045,,
97.991,1056,0.00094697,1057,1056.52,5.30114,,
98.008,1052,0.00095057,1056.95,1056.48,5.30182,,
98.025,1092,0.000915751,1056.9,1056.43,5.30251,,
98.042,1094,0.000914077,1056.86,1056.39,5.30319,,
98.059,1057,0.000946074,1056.81,1056.34,5.30387,,
98.076,1067,0.000937207,1056.76,1056.3,5.30456,,
98.093,1037,0.00096432,1056.71,1056.25,5.30524,,
98.11,1038,0.000963391,1056.66,1056.21,5.30592,,
98.127,1042,0.000959693,1056.62,1056.16,5.3066,,
98.144,1059,0.000944287,1056.57,1056.12,5.30729,,
98.161,1117,0.000895255,1056.52,1056.07,5.30797,,
98.178,1129,0.00088574,1056.47,1056.03,5.30865,,
98.195,1092,0.000915751,1056.42,1055.98,5.30934,,
98.212,1033,0.000968054,1056.37,1055.94,5.31002,,
98.229,1026,0.000974659,1056.33,1055.89,5.3107,,
98.246,1025,0.00097561,1056.28,1055.84,5.31138,,
98.263,1064,0.00093985,1056.23,1055.8,5.31206,,
98.28,1119,0.000893655,1056.18,1055.75,5.31275,,
98.297,1076,0.000929368,1056.13,1055.71,5.31343,,
98.314,1073,0.000931966,1056.09,1055.66,5.31411,,
98.331,1118,0.000894454,1056.04,1055.62,5.31479,,
98.348,1061,0.000942507,1055.99,1055.57,5.31547,,
98.365,1061,0.000942507,1055.94,1055.53,5.31615,,
98.382,1048,0.000954198,1055.9,1055.48,5.31683,,
98.399,1071,0.000933707,1055.85,1055.44,5.31751,,
98.416,1054,0.000948767,1055.8,1055.39,5.3182,,
98.433,1067,0.000937207,1055.75,1055.35,5.31888,,
98.45,1058,0.00094518,1055.71,1055.3,5.31956,,
98.467,1057,0.000946074,1055.66,1055.26,5.32024,,
98.484,1036,0.000965251,1055.61,1055.21,5.32092,,
98.501,1047,0.00095511,1055.56,1055.17,5.3216,,
98.518,1040,0.000961538,1055.51,1055.12,5.32228,,
98.535,1064,0.00093985,1055.47,1055.08,5.32296,,
98.552,1061,0.000942507,1055.42,1055.03,5.32364,,
98.569,1062,0.00094162,1055.37,1054.99,5.32432,,
98.586,1068,0.00093633,1055.32,1054.94,5.325,,
98.603,1068,0.00093633,1055.28,1054.89,5.32568,,
98.62,1075,0.000930233,1055.23,1054.85,5.32636,,
98.637,1084,0.000922509,1055.18,1054.8,5.32704,,
98.654,1081,0.000925069,1055.13,1054.76,5.32772,,
98.671,1129,0.00088574,1055.09,1054.71,5.3284,,
98.688,1100,0.000909091,1055.04,1054.67,5.32907,,
98.705,1020,0.000980392,1054.99,1054.62,5.32975,,
98.722,1121,0.000892061,1054.94,1054.58,5.33043,,
98.739,1136,0.000880282,1054.9,1054.53,5.33111,,
98.756,1072,0.000932836,1054.85,1054.49,5.33179,,
98.773,1065,0.000938967,1054.8,1054.44,5.33247,,
98.79,1072,0.000932836,1054.75,1054.39,5.33315,,
98.807,1070,0.000934579,1054.71,1054.35,5.33382,,
98.824,1088,0.000919118,1054.66,1054.3,5.3345,,
98.841,1098,0.000910747,1054.61,1054.26,5.33518,,
98.858,1074,0.000931099,1054.56,1054.21,5.33586,,
98.875,1079,0.000926784,1054.52,1054.17,5.33654,,
98.892,1108,0.000902527,1054.47,1054.12,5.33721,,
98.909,1111,0.00090009,1054.42,1054.08,5.33789,,
98.926,1097,0.000911577,1054.37,1054.03,5.33857,,
98.943,1130,0.000884956,1054.33,1053.98,5.33925,,
98.96,1120,0.000892857,1054.28,1053.94,5.33992,,
98.977,1108,0.000902527,1054.23,1053.89,5.3406,,
98.994,1160,0.000862069,1054.18,1053.85,5.34128,,
99.011,1167,0.000856898,1054.14,1053.8,5.34195,,
99.028,1142,0.000875657,1054.09,1053.76,5.34263,,
99.045,1092,0.000915751,1054.04,1053.71,5.34331,,
99.062,1085,0.000921659,1054,1053.67,5.34398,,
99.079,1140,0.000877193,1053.95,1053.62,5.34466,,
99.096,1157,0.000864304,1053.9,1053.57,5.34534,,
99.113,1123,0.000890472,1053.85,1053.53,5.34601,,
99.13,1089,0.000918274,1053.81,1053.48,5.34669,,
99.147,1102,0.000907441,1053.76,1053.44,5.34736,,
99.164,1099,0.000909918,1053.71,1053.39,5.34804,,
99.181,1086,0.00092081,1053.66,1053.35,5.34871,,
99.198,1078,0.000927644,1053.62,1053.3,5.34939,,
99.215,1087,0.000919963,1053.57,1053.25,5.35007,,
99.232,1088,0.000919118,1053.52,1053.21,5.35074,,
99.249,1102,0.000907441,1053.47,1053.16,5.35142,,
99.266,1098,0.000910747,1053.43,1053.12,5.35209,,
99.283,1067,0.000937207,1053.38,1053.07,5.35277,,
99.3,1117,0.000895255,1053.33,1053.02,5.35344,,
99.317,1102,0.000907441,1053.28,1052.98,5.35411,,
99.334,1092,0.000915751,1053.24,1052.93,5.35479,,
99.351,1096,0.000912409,1053.19,1052.89,5.35546,,
99.368,1131,0.000884173,1053.14,1052.84,5.35614,,
99.385,1106,0.000904159,1053.1,1052.8,5.35681,,
99.402,1058,0.00094518,1053.05,1052.75,5.35749,,
99.419,1100,0.000909091,1053,1052.7,5.35816,,
99.436,1100,0.000909091,1052.95,1052.66,5.35883,,
99.453,1077,0.000928505,1052.91,1052.61,5.35951,,
99.47,1044,0.000957854,1052.86,1052.57,5.36018,,
99.487,1094,0.000914077,1052.81,1052.52,5.36086,,
99.504,1086,0.00092081,1052.76,1052.47,5.36153,,
99.521,1060,0.000943396,1052.72,1052.43,5.3622,,
99.538,1062,0.00094162,1052.67,1052.38,5.36287,,
99.555,1041,0.000960615,1052.62,1052.34,5.36355,,
99.572,1058,0.00094518,1052.57,1052.29,5.36422,,
99.589,1010,0.000990099,1052.53,1052.24,5.36489,,
99.606,1035,0.000966184,1052.48,1052.2,5.36557,,
99.623,1099,0.000909918,1052.43,1052.15,5.36624,,
99.64,1019,0.000981354,1052.38,1052.11,5.36691,,
99.657,1075,0.000930233,1052.34,1052.06,5.36758,,
99.674,1116,0.000896057,1052.29,1052.01,5.36826,,
99.691,1095,0.000913242,1052.24,1051.97,5.36893,,
99.708,1071,0.000933707,1052.2,1051.92,5.3696,,
99.725,1104,0.000905797,1052.15,1051.88,5.37027,,
99.742,1151,0.00086881,1052.1,1051.83,5.37094,,
99.759,1088,0.000919118,1052.05,1051.78,5.37161,,
99.776,1139,0.000877963,1052.01,1051.74,5.37229,,
99.793,1091,0.00091659,1051.96,1051.69,5.37296,,
99.81,1085,0.000921659,1051.91,1051.64,5.37363,,
99.827,1057,0.000946074,1051.86,1051.6,5.3743,,
99.844,1087,0.000919963,1051.82,1051.55,5.37497,,
99.861,1092,0.000915751,1051.77,1051.51,5.37564,,
99.878,1137,0.000879507,1051.72,1051.46,5.37631,,
99.895,1119,0.000893655,1051.67,1051.41,5.37698,,
99.912,1080,0.000925926,1051.63,1051.37,5.37765,,
99.929,1123,0.000890472,1051.58,1051.32,5.37832,,
99.946,1189,0.000841043,1051.53,1051.27,5.37899,,
99.963,1193,0.000838223,1051.48,1051.23,5.37966,,
